graph_file,start_ns,end_ns,label,num_nodes,num_edges,file_source
win_2019-05-08T12-50-00Z__2019-05-08T13-00-00Z__mal_malicious__ta1-marple-3-e5-official-1.bin.2__part-000010.pt,1557319800000000000,1557320400000000000,1,1,280,malicious__ta1-marple-3-e5-official-1.bin.2__part-000010.parquet
win_2019-05-08T13-00-00Z__2019-05-08T13-10-00Z__mal_malicious__ta1-marple-3-e5-official-1.bin.2__part-000010.pt,1557320400000000000,1557321000000000000,1,1,2272,malicious__ta1-marple-3-e5-official-1.bin.2__part-000010.parquet
win_2019-05-09T14-00-00Z__2019-05-09T14-10-00Z__mal_malicious__ta1-marple-2-e5-official-1.bin.2__part-000003.pt,1557410400000000000,1557411000000000000,1,4791,37832,malicious__ta1-marple-2-e5-official-1.bin.2__part-000003.parquet
win_2019-05-14T10-10-00Z__2019-05-14T10-20-00Z__mal_malicious__ta1-marple-3-e5-official-1.bin.15__part-000002.pt,1557828600000000000,1557829200000000000,1,1179,5842,malicious__ta1-marple-3-e5-official-1.bin.15__part-000002.parquet
win_2019-05-14T10-20-00Z__2019-05-14T10-30-00Z__mal_malicious__ta1-marple-3-e5-official-1.bin.15__part-000002.pt,1557829200000000000,1557829800000000000,1,5648,44852,malicious__ta1-marple-3-e5-official-1.bin.15__part-000002.parquet
win_2019-05-08T14-30-00Z__2019-05-08T14-40-00Z__mal_malicious__ta1-marple-2-e5-official-1.bin__part-000010.pt,1557325800000000000,1557326400000000000,1,10,3102,malicious__ta1-marple-2-e5-official-1.bin__part-000010.parquet
win_2019-05-08T14-40-00Z__2019-05-08T14-50-00Z__mal_malicious__ta1-marple-2-e5-official-1.bin__part-000010.pt,1557326400000000000,1557327000000000000,1,5,82,malicious__ta1-marple-2-e5-official-1.bin__part-000010.parquet
win_2019-05-09T15-50-00Z__2019-05-09T16-00-00Z__mal_malicious__ta1-marple-3-e5-official-1.bin.7__part-000006.pt,1557417000000000000,1557417600000000000,1,7253,100000,malicious__ta1-marple-3-e5-official-1.bin.7__part-000006.parquet
win_2019-05-15T15-30-00Z__2019-05-15T15-40-00Z__mal_malicious__ta1-marple-2-e5-official-1.bin.13__part-000002.pt,1557934200000000000,1557934800000000000,1,545,2627,malicious__ta1-marple-2-e5-official-1.bin.13__part-000002.parquet
win_2019-05-15T15-40-00Z__2019-05-15T15-50-00Z__mal_malicious__ta1-marple-2-e5-official-1.bin.13__part-000002.pt,1557934800000000000,1557935400000000000,1,11800,100000,malicious__ta1-marple-2-e5-official-1.bin.13__part-000002.parquet
win_2019-05-09T15-40-00Z__2019-05-09T15-50-00Z__mal_malicious__ta1-marple-1-e5-official-1.bin.3__part-000011.pt,1557416400000000000,1557417000000000000,1,11079,100000,malicious__ta1-marple-1-e5-official-1.bin.3__part-000011.parquet
win_2019-05-09T15-50-00Z__2019-05-09T16-00-00Z__mal_malicious__ta1-marple-1-e5-official-1.bin.3__part-000011.pt,1557417000000000000,1557417600000000000,1,5860,57447,malicious__ta1-marple-1-e5-official-1.bin.3__part-000011.parquet
win_2019-05-09T13-50-00Z__2019-05-09T14-00-00Z__mal_malicious__ta1-marple-1-e5-official-1.bin.3__part-000006.pt,1557409800000000000,1557410400000000000,1,5355,86549,malicious__ta1-marple-1-e5-official-1.bin.3__part-000006.parquet
win_2019-05-09T14-00-00Z__2019-05-09T14-10-00Z__mal_malicious__ta1-marple-1-e5-official-1.bin.3__part-000006.pt,1557410400000000000,1557411000000000000,1,1639,38913,malicious__ta1-marple-1-e5-official-1.bin.3__part-000006.parquet
win_2019-05-15T13-10-00Z__2019-05-15T13-20-00Z__mal_malicious__ta1-marple-3-e5-official-1.bin.17__part-000010.pt,1557925800000000000,1557926400000000000,1,9614,84630,malicious__ta1-marple-3-e5-official-1.bin.17__part-000010.parquet
win_2019-05-15T13-20-00Z__2019-05-15T13-30-00Z__mal_malicious__ta1-marple-3-e5-official-1.bin.17__part-000010.pt,1557926400000000000,1557927000000000000,1,11290,100000,malicious__ta1-marple-3-e5-official-1.bin.17__part-000010.parquet
win_2019-05-17T11-50-00Z__2019-05-17T12-00-00Z__mal_malicious__ta1-marple-3-e5-official-1.bin.22__part-000006.pt,1558093800000000000,1558094400000000000,1,6542,45869,malicious__ta1-marple-3-e5-official-1.bin.22__part-000006.parquet
win_2019-05-15T14-30-00Z__2019-05-15T14-40-00Z__mal_malicious__ta1-marple-2-e5-official-1.bin.13__part-000001.pt,1557930600000000000,1557931200000000000,1,9599,72136,malicious__ta1-marple-2-e5-official-1.bin.13__part-000001.parquet
win_2019-05-15T14-40-00Z__2019-05-15T14-50-00Z__mal_malicious__ta1-marple-2-e5-official-1.bin.13__part-000001.pt,1557931200000000000,1557931800000000000,1,2968,20105,malicious__ta1-marple-2-e5-official-1.bin.13__part-000001.parquet
win_2019-05-17T10-10-00Z__2019-05-17T10-20-00Z__mal_malicious__ta1-marple-3-e5-official-1.bin.22__part-000005.pt,1558087800000000000,1558088400000000000,1,2262,18992,malicious__ta1-marple-3-e5-official-1.bin.22__part-000005.parquet
win_2019-05-17T10-20-00Z__2019-05-17T10-30-00Z__mal_malicious__ta1-marple-3-e5-official-1.bin.22__part-000005.pt,1558088400000000000,1558089000000000000,1,449,2800,malicious__ta1-marple-3-e5-official-1.bin.22__part-000005.parquet
win_2019-05-10T14-40-00Z__2019-05-10T14-50-00Z__mal_malicious__ta1-marple-2-e5-official-1.bin.4__part-000005.pt,1557499200000000000,1557499800000000000,1,6768,42914,malicious__ta1-marple-2-e5-official-1.bin.4__part-000005.parquet
win_2019-05-10T14-50-00Z__2019-05-10T15-00-00Z__mal_malicious__ta1-marple-2-e5-official-1.bin.4__part-000005.pt,1557499800000000000,1557500400000000000,1,3313,100000,malicious__ta1-marple-2-e5-official-1.bin.4__part-000005.parquet
win_2019-05-08T15-40-00Z__2019-05-08T15-50-00Z__mal_malicious__ta1-marple-2-e5-official-1.bin__part-000011.pt,1557330000000000000,1557330600000000000,1,13304,100000,malicious__ta1-marple-2-e5-official-1.bin__part-000011.parquet
win_2019-05-08T15-50-00Z__2019-05-08T16-00-00Z__mal_malicious__ta1-marple-2-e5-official-1.bin__part-000011.pt,1557330600000000000,1557331200000000000,1,7566,59001,malicious__ta1-marple-2-e5-official-1.bin__part-000011.parquet
win_2019-05-14T13-30-00Z__2019-05-14T13-40-00Z__mal_malicious__ta1-marple-1-e5-official-1.bin.13__part-000009.pt,1557840600000000000,1557841200000000000,1,1344,11445,malicious__ta1-marple-1-e5-official-1.bin.13__part-000009.parquet
win_2019-05-14T13-40-00Z__2019-05-14T13-50-00Z__mal_malicious__ta1-marple-1-e5-official-1.bin.13__part-000009.pt,1557841200000000000,1557841800000000000,1,2422,22226,malicious__ta1-marple-1-e5-official-1.bin.13__part-000009.parquet
win_2019-05-08T15-50-00Z__2019-05-08T16-00-00Z__mal_malicious__ta1-marple-3-e5-official-1.bin.3__part-000001.pt,1557330600000000000,1557331200000000000,1,5334,100000,malicious__ta1-marple-3-e5-official-1.bin.3__part-000001.parquet
win_2019-05-14T10-10-00Z__2019-05-14T10-20-00Z__mal_malicious__ta1-marple-2-e5-official-1.bin.11__part-000002.pt,1557828600000000000,1557829200000000000,1,3703,23455,malicious__ta1-marple-2-e5-official-1.bin.11__part-000002.parquet
win_2019-05-14T10-20-00Z__2019-05-14T10-30-00Z__mal_malicious__ta1-marple-2-e5-official-1.bin.11__part-000002.pt,1557829200000000000,1557829800000000000,1,6579,48919,malicious__ta1-marple-2-e5-official-1.bin.11__part-000002.parquet
win_2019-05-09T13-20-00Z__2019-05-09T13-30-00Z__mal_malicious__ta1-marple-3-e5-official-1.bin.6__part-000006.pt,1557408000000000000,1557408600000000000,1,1171,84535,malicious__ta1-marple-3-e5-official-1.bin.6__part-000006.parquet
win_2019-05-08T12-50-00Z__2019-05-08T13-00-00Z__mal_malicious__ta1-marple-2-e5-official-1.bin__part-000009.pt,1557319800000000000,1557320400000000000,1,925,3971,malicious__ta1-marple-2-e5-official-1.bin__part-000009.parquet
win_2019-05-08T13-00-00Z__2019-05-08T13-10-00Z__mal_malicious__ta1-marple-2-e5-official-1.bin__part-000009.pt,1557320400000000000,1557321000000000000,1,5273,49524,malicious__ta1-marple-2-e5-official-1.bin__part-000009.parquet
win_2019-05-17T16-10-00Z__2019-05-17T16-20-00Z__mal_malicious__ta1-marple-3-e5-official-1.bin.22__part-000011.pt,1558109400000000000,1558110000000000000,1,1678,14683,malicious__ta1-marple-3-e5-official-1.bin.22__part-000011.parquet
win_2019-05-17T16-20-00Z__2019-05-17T16-30-00Z__mal_malicious__ta1-marple-3-e5-official-1.bin.22__part-000011.pt,1558110000000000000,1558110600000000000,1,3524,98727,malicious__ta1-marple-3-e5-official-1.bin.22__part-000011.parquet
win_2019-05-09T15-30-00Z__2019-05-09T15-40-00Z__mal_malicious__ta1-marple-1-e5-official-1.bin.3__part-000010.pt,1557415800000000000,1557416400000000000,1,9270,99464,malicious__ta1-marple-1-e5-official-1.bin.3__part-000010.parquet
win_2019-05-09T15-40-00Z__2019-05-09T15-50-00Z__mal_malicious__ta1-marple-1-e5-official-1.bin.3__part-000010.pt,1557416400000000000,1557417000000000000,1,1565,12756,malicious__ta1-marple-1-e5-official-1.bin.3__part-000010.parquet
win_2019-05-10T15-00-00Z__2019-05-10T15-10-00Z__mal_malicious__ta1-marple-1-e5-official-1.bin.6__part-000001.pt,1557500400000000000,1557501000000000000,1,4318,47852,malicious__ta1-marple-1-e5-official-1.bin.6__part-000001.parquet
win_2019-05-10T15-10-00Z__2019-05-10T15-20-00Z__mal_malicious__ta1-marple-1-e5-official-1.bin.6__part-000001.pt,1557501000000000000,1557501600000000000,1,1190,21756,malicious__ta1-marple-1-e5-official-1.bin.6__part-000001.parquet
win_2019-05-15T15-30-00Z__2019-05-15T15-40-00Z__mal_malicious__ta1-marple-3-e5-official-1.bin.18__part-000004.pt,1557934200000000000,1557934800000000000,1,9495,20213,malicious__ta1-marple-3-e5-official-1.bin.18__part-000004.parquet
win_2019-05-15T15-40-00Z__2019-05-15T15-50-00Z__mal_malicious__ta1-marple-3-e5-official-1.bin.18__part-000004.pt,1557934800000000000,1557935400000000000,1,9374,100000,malicious__ta1-marple-3-e5-official-1.bin.18__part-000004.parquet
win_2019-05-09T13-20-00Z__2019-05-09T13-30-00Z__mal_malicious__ta1-marple-3-e5-official-1.bin.6__part-000007.pt,1557408000000000000,1557408600000000000,1,780,100000,malicious__ta1-marple-3-e5-official-1.bin.6__part-000007.parquet
win_2019-05-09T13-30-00Z__2019-05-09T13-40-00Z__mal_malicious__ta1-marple-3-e5-official-1.bin.6__part-000007.pt,1557408600000000000,1557409200000000000,1,3595,100000,malicious__ta1-marple-3-e5-official-1.bin.6__part-000007.parquet
win_2019-05-15T14-40-00Z__2019-05-15T14-50-00Z__mal_malicious__ta1-marple-3-e5-official-1.bin.18__part-000002.pt,1557931200000000000,1557931800000000000,1,3885,32389,malicious__ta1-marple-3-e5-official-1.bin.18__part-000002.parquet
win_2019-05-15T14-50-00Z__2019-05-15T15-00-00Z__mal_malicious__ta1-marple-3-e5-official-1.bin.18__part-000002.pt,1557931800000000000,1557932400000000000,1,11597,100000,malicious__ta1-marple-3-e5-official-1.bin.18__part-000002.parquet
win_2019-05-10T14-20-00Z__2019-05-10T14-30-00Z__mal_malicious__ta1-marple-2-e5-official-1.bin.4__part-000004.pt,1557498000000000000,1557498600000000000,1,1437,11096,malicious__ta1-marple-2-e5-official-1.bin.4__part-000004.parquet
win_2019-05-14T10-10-00Z__2019-05-14T10-20-00Z__mal_malicious__ta1-marple-1-e5-official-1.bin.13__part-000006.pt,1557828600000000000,1557829200000000000,1,3998,36230,malicious__ta1-marple-1-e5-official-1.bin.13__part-000006.parquet
win_2019-05-14T10-20-00Z__2019-05-14T10-30-00Z__mal_malicious__ta1-marple-1-e5-official-1.bin.13__part-000006.pt,1557829200000000000,1557829800000000000,1,6701,55299,malicious__ta1-marple-1-e5-official-1.bin.13__part-000006.parquet
win_2019-05-13T04-30-00Z__2019-05-13T04-40-00Z__mal_malicious__ta1-marple-1-e5-official-1.bin.11__part-000003.pt,1557721800000000000,1557722400000000000,1,1028,6742,malicious__ta1-marple-1-e5-official-1.bin.11__part-000003.parquet
win_2019-05-15T13-10-00Z__2019-05-15T13-20-00Z__mal_malicious__ta1-marple-2-e5-official-1.bin.12__part-000011.pt,1557925800000000000,1557926400000000000,1,4036,100000,malicious__ta1-marple-2-e5-official-1.bin.12__part-000011.parquet
win_2019-05-15T13-20-00Z__2019-05-15T13-30-00Z__mal_malicious__ta1-marple-2-e5-official-1.bin.12__part-000011.pt,1557926400000000000,1557927000000000000,1,11458,100000,malicious__ta1-marple-2-e5-official-1.bin.12__part-000011.parquet
win_2019-05-09T14-00-00Z__2019-05-09T14-10-00Z__mal_malicious__ta1-marple-3-e5-official-1.bin.6__part-000010.pt,1557410400000000000,1557411000000000000,1,3372,98372,malicious__ta1-marple-3-e5-official-1.bin.6__part-000010.parquet
win_2019-05-09T13-20-00Z__2019-05-09T13-30-00Z__mal_malicious__ta1-marple-1-e5-official-1.bin.3__part-000005.pt,1557408000000000000,1557408600000000000,1,5220,46112,malicious__ta1-marple-1-e5-official-1.bin.3__part-000005.parquet
win_2019-05-09T13-30-00Z__2019-05-09T13-40-00Z__mal_malicious__ta1-marple-1-e5-official-1.bin.3__part-000005.pt,1557408600000000000,1557409200000000000,1,14515,100000,malicious__ta1-marple-1-e5-official-1.bin.3__part-000005.parquet
win_2019-05-09T15-30-00Z__2019-05-09T15-40-00Z__mal_malicious__ta1-marple-2-e5-official-1.bin.2__part-000005.pt,1557415800000000000,1557416400000000000,1,9122,100000,malicious__ta1-marple-2-e5-official-1.bin.2__part-000005.parquet
win_2019-05-09T15-40-00Z__2019-05-09T15-50-00Z__mal_malicious__ta1-marple-2-e5-official-1.bin.2__part-000005.pt,1557416400000000000,1557417000000000000,1,9810,100000,malicious__ta1-marple-2-e5-official-1.bin.2__part-000005.parquet
win_2019-05-10T13-40-00Z__2019-05-10T13-50-00Z__mal_malicious__ta1-marple-3-e5-official-1.bin.9__part-000010.pt,1557495600000000000,1557496200000000000,1,8035,100000,malicious__ta1-marple-3-e5-official-1.bin.9__part-000010.parquet
win_2019-05-16T14-20-00Z__2019-05-16T14-30-00Z__mal_malicious__ta1-marple-3-e5-official-1.bin.20__part-000004.pt,1558016400000000000,1558017000000000000,1,2709,23596,malicious__ta1-marple-3-e5-official-1.bin.20__part-000004.parquet
win_2019-05-09T14-30-00Z__2019-05-09T14-40-00Z__mal_malicious__ta1-marple-2-e5-official-1.bin.2__part-000004.pt,1557412200000000000,1557412800000000000,1,4319,57499,malicious__ta1-marple-2-e5-official-1.bin.2__part-000004.parquet
win_2019-05-09T14-40-00Z__2019-05-09T14-50-00Z__mal_malicious__ta1-marple-2-e5-official-1.bin.2__part-000004.pt,1557412800000000000,1557413400000000000,1,8799,82862,malicious__ta1-marple-2-e5-official-1.bin.2__part-000004.parquet
win_2019-05-10T13-40-00Z__2019-05-10T13-50-00Z__mal_malicious__ta1-marple-2-e5-official-1.bin.4__part-000003.pt,1557495600000000000,1557496200000000000,1,5431,100000,malicious__ta1-marple-2-e5-official-1.bin.4__part-000003.parquet
win_2019-05-17T12-40-00Z__2019-05-17T12-50-00Z__mal_malicious__ta1-marple-3-e5-official-1.bin.22__part-000007.pt,1558096800000000000,1558097400000000000,1,4012,35721,malicious__ta1-marple-3-e5-official-1.bin.22__part-000007.parquet
win_2019-05-17T12-50-00Z__2019-05-17T13-00-00Z__mal_malicious__ta1-marple-3-e5-official-1.bin.22__part-000007.pt,1558097400000000000,1558098000000000000,1,9616,100000,malicious__ta1-marple-3-e5-official-1.bin.22__part-000007.parquet
win_2019-05-08T15-50-00Z__2019-05-08T16-00-00Z__mal_malicious__ta1-marple-2-e5-official-1.bin.1__part-000001.pt,1557330600000000000,1557331200000000000,1,11624,100000,malicious__ta1-marple-2-e5-official-1.bin.1__part-000001.parquet
win_2019-05-17T15-30-00Z__2019-05-17T15-40-00Z__mal_malicious__ta1-marple-3-e5-official-1.bin.22__part-000010.pt,1558107000000000000,1558107600000000000,1,2297,31024,malicious__ta1-marple-3-e5-official-1.bin.22__part-000010.parquet
win_2019-05-17T15-40-00Z__2019-05-17T15-50-00Z__mal_malicious__ta1-marple-3-e5-official-1.bin.22__part-000010.pt,1558107600000000000,1558108200000000000,1,756,7338,malicious__ta1-marple-3-e5-official-1.bin.22__part-000010.parquet
win_2019-05-13T04-30-00Z__2019-05-13T04-40-00Z__mal_malicious__ta1-marple-3-e5-official-1.bin.12__part-000007.pt,1557721800000000000,1557722400000000000,1,2,3622,malicious__ta1-marple-3-e5-official-1.bin.12__part-000007.parquet
win_2019-05-08T15-10-00Z__2019-05-08T15-20-00Z__mal_malicious__ta1-marple-3-e5-official-1.bin.2__part-000011.pt,1557328200000000000,1557328800000000000,1,343,10609,malicious__ta1-marple-3-e5-official-1.bin.2__part-000011.parquet
win_2019-05-08T15-20-00Z__2019-05-08T15-30-00Z__mal_malicious__ta1-marple-3-e5-official-1.bin.2__part-000011.pt,1557328800000000000,1557329400000000000,1,2405,100000,malicious__ta1-marple-3-e5-official-1.bin.2__part-000011.parquet
win_2019-05-09T15-30-00Z__2019-05-09T15-40-00Z__mal_malicious__ta1-marple-3-e5-official-1.bin.7__part-000004.pt,1557415800000000000,1557416400000000000,1,3648,100000,malicious__ta1-marple-3-e5-official-1.bin.7__part-000004.parquet
win_2019-05-09T15-40-00Z__2019-05-09T15-50-00Z__mal_malicious__ta1-marple-3-e5-official-1.bin.7__part-000004.pt,1557416400000000000,1557417000000000000,1,4448,100000,malicious__ta1-marple-3-e5-official-1.bin.7__part-000004.parquet
win_2019-05-08T15-40-00Z__2019-05-08T15-50-00Z__mal_malicious__ta1-marple-3-e5-official-1.bin.2__part-000013.pt,1557330000000000000,1557330600000000000,1,5363,100000,malicious__ta1-marple-3-e5-official-1.bin.2__part-000013.parquet
win_2019-05-08T15-50-00Z__2019-05-08T16-00-00Z__mal_malicious__ta1-marple-3-e5-official-1.bin.2__part-000013.pt,1557330600000000000,1557331200000000000,1,4744,63501,malicious__ta1-marple-3-e5-official-1.bin.2__part-000013.parquet
win_2019-05-15T15-00-00Z__2019-05-15T15-10-00Z__mal_malicious__ta1-marple-3-e5-official-1.bin.18__part-000003.pt,1557932400000000000,1557933000000000000,1,4884,63890,malicious__ta1-marple-3-e5-official-1.bin.18__part-000003.parquet
win_2019-05-17T09-00-00Z__2019-05-17T09-10-00Z__mal_malicious__ta1-marple-3-e5-official-1.bin.22__part-000004.pt,1558083600000000000,1558084200000000000,1,2828,22635,malicious__ta1-marple-3-e5-official-1.bin.22__part-000004.parquet
win_2019-05-17T09-10-00Z__2019-05-17T09-20-00Z__mal_malicious__ta1-marple-3-e5-official-1.bin.22__part-000004.pt,1558084200000000000,1558084800000000000,1,7228,50348,malicious__ta1-marple-3-e5-official-1.bin.22__part-000004.parquet
win_2019-05-14T16-00-00Z__2019-05-14T16-10-00Z__mal_malicious__ta1-marple-1-e5-official-1.bin.14__part-000002.pt,1557849600000000000,1557850200000000000,1,1397,25278,malicious__ta1-marple-1-e5-official-1.bin.14__part-000002.parquet
win_2019-05-14T16-40-00Z__2019-05-14T16-50-00Z__mal_malicious__ta1-marple-1-e5-official-1.bin.14__part-000002.pt,1557852000000000000,1557852600000000000,1,556,2219,malicious__ta1-marple-1-e5-official-1.bin.14__part-000002.parquet
win_2019-05-10T14-50-00Z__2019-05-10T15-00-00Z__mal_malicious__ta1-marple-2-e5-official-1.bin.4__part-000006.pt,1557499800000000000,1557500400000000000,1,5700,46268,malicious__ta1-marple-2-e5-official-1.bin.4__part-000006.parquet
win_2019-05-10T15-00-00Z__2019-05-10T15-10-00Z__mal_malicious__ta1-marple-2-e5-official-1.bin.4__part-000006.pt,1557500400000000000,1557501000000000000,1,8766,100000,malicious__ta1-marple-2-e5-official-1.bin.4__part-000006.parquet
win_2019-05-10T10-20-00Z__2019-05-10T10-30-00Z__mal_malicious__ta1-marple-2-e5-official-1.bin.3__part-000011.pt,1557483600000000000,1557484200000000000,1,2597,25903,malicious__ta1-marple-2-e5-official-1.bin.3__part-000011.parquet
win_2019-05-10T10-30-00Z__2019-05-10T10-40-00Z__mal_malicious__ta1-marple-2-e5-official-1.bin.3__part-000011.pt,1557484200000000000,1557484800000000000,1,8098,81830,malicious__ta1-marple-2-e5-official-1.bin.3__part-000011.parquet
win_2019-05-09T13-30-00Z__2019-05-09T13-40-00Z__mal_malicious__ta1-marple-3-e5-official-1.bin.6__part-000008.pt,1557408600000000000,1557409200000000000,1,8464,100000,malicious__ta1-marple-3-e5-official-1.bin.6__part-000008.parquet
win_2019-05-09T13-40-00Z__2019-05-09T13-50-00Z__mal_malicious__ta1-marple-3-e5-official-1.bin.6__part-000008.pt,1557409200000000000,1557409800000000000,1,4545,100000,malicious__ta1-marple-3-e5-official-1.bin.6__part-000008.parquet
win_2019-05-14T13-30-00Z__2019-05-14T13-40-00Z__mal_malicious__ta1-marple-2-e5-official-1.bin.11__part-000005.pt,1557840600000000000,1557841200000000000,1,992,12374,malicious__ta1-marple-2-e5-official-1.bin.11__part-000005.parquet
win_2019-05-14T13-40-00Z__2019-05-14T13-50-00Z__mal_malicious__ta1-marple-2-e5-official-1.bin.11__part-000005.pt,1557841200000000000,1557841800000000000,1,4140,24697,malicious__ta1-marple-2-e5-official-1.bin.11__part-000005.parquet
win_2019-05-16T14-30-00Z__2019-05-16T14-40-00Z__mal_malicious__ta1-marple-3-e5-official-1.bin.20__part-000005.pt,1558017000000000000,1558017600000000000,1,551,3204,malicious__ta1-marple-3-e5-official-1.bin.20__part-000005.parquet
win_2019-05-16T14-40-00Z__2019-05-16T14-50-00Z__mal_malicious__ta1-marple-3-e5-official-1.bin.20__part-000005.pt,1558017600000000000,1558018200000000000,1,1093,6695,malicious__ta1-marple-3-e5-official-1.bin.20__part-000005.parquet
win_2019-05-09T14-30-00Z__2019-05-09T14-40-00Z__mal_malicious__ta1-marple-3-e5-official-1.bin.6__part-000012.pt,1557412200000000000,1557412800000000000,1,3581,100000,malicious__ta1-marple-3-e5-official-1.bin.6__part-000012.parquet
win_2019-05-09T14-40-00Z__2019-05-09T14-50-00Z__mal_malicious__ta1-marple-3-e5-official-1.bin.6__part-000012.pt,1557412800000000000,1557413400000000000,1,2835,100000,malicious__ta1-marple-3-e5-official-1.bin.6__part-000012.parquet
win_2019-05-15T14-30-00Z__2019-05-15T14-40-00Z__mal_malicious__ta1-marple-3-e5-official-1.bin.18__part-000001.pt,1557930600000000000,1557931200000000000,1,11523,100000,malicious__ta1-marple-3-e5-official-1.bin.18__part-000001.parquet
win_2019-05-15T14-40-00Z__2019-05-15T14-50-00Z__mal_malicious__ta1-marple-3-e5-official-1.bin.18__part-000001.pt,1557931200000000000,1557931800000000000,1,19210,100000,malicious__ta1-marple-3-e5-official-1.bin.18__part-000001.parquet
win_2019-05-09T14-30-00Z__2019-05-09T14-40-00Z__mal_malicious__ta1-marple-3-e5-official-1.bin.6__part-000013.pt,1557412200000000000,1557412800000000000,1,82,1217,malicious__ta1-marple-3-e5-official-1.bin.6__part-000013.parquet
win_2019-05-09T14-40-00Z__2019-05-09T14-50-00Z__mal_malicious__ta1-marple-3-e5-official-1.bin.6__part-000013.pt,1557412800000000000,1557413400000000000,1,144,5186,malicious__ta1-marple-3-e5-official-1.bin.6__part-000013.parquet
win_2019-05-09T14-30-00Z__2019-05-09T14-40-00Z__mal_malicious__ta1-marple-1-e5-official-1.bin.3__part-000008.pt,1557412200000000000,1557412800000000000,1,5771,100000,malicious__ta1-marple-1-e5-official-1.bin.3__part-000008.parquet
win_2019-05-09T14-40-00Z__2019-05-09T14-50-00Z__mal_malicious__ta1-marple-1-e5-official-1.bin.3__part-000008.pt,1557412800000000000,1557413400000000000,1,5741,100000,malicious__ta1-marple-1-e5-official-1.bin.3__part-000008.parquet
win_2019-05-09T15-40-00Z__2019-05-09T15-50-00Z__mal_malicious__ta1-marple-3-e5-official-1.bin.7__part-000005.pt,1557416400000000000,1557417000000000000,1,2104,100000,malicious__ta1-marple-3-e5-official-1.bin.7__part-000005.parquet
win_2019-05-09T15-50-00Z__2019-05-09T16-00-00Z__mal_malicious__ta1-marple-3-e5-official-1.bin.7__part-000005.pt,1557417000000000000,1557417600000000000,1,1972,100000,malicious__ta1-marple-3-e5-official-1.bin.7__part-000005.parquet
win_2019-05-10T14-20-00Z__2019-05-10T14-30-00Z__mal_malicious__ta1-marple-3-e5-official-1.bin.9__part-000011.pt,1557498000000000000,1557498600000000000,1,640,3124,malicious__ta1-marple-3-e5-official-1.bin.9__part-000011.parquet
win_2019-05-10T14-40-00Z__2019-05-10T14-50-00Z__mal_malicious__ta1-marple-3-e5-official-1.bin.9__part-000011.pt,1557499200000000000,1557499800000000000,1,1659,7190,malicious__ta1-marple-3-e5-official-1.bin.9__part-000011.parquet
win_2019-05-14T15-40-00Z__2019-05-14T15-50-00Z__ben_non_malicious__ta1-marple-1-e5-official-1.bin.13__part-000012.pt,1557848400000000000,1557849000000000000,0,6732,74915,non_malicious__ta1-marple-1-e5-official-1.bin.13__part-000012.parquet
win_2019-05-17T12-30-00Z__2019-05-17T12-40-00Z__ben_non_malicious__ta1-marple-3-e5-official-1.bin.22__part-000007.pt,1558096200000000000,1558096800000000000,0,12294,34862,non_malicious__ta1-marple-3-e5-official-1.bin.22__part-000007.parquet
win_2019-05-14T22-10-00Z__2019-05-14T22-20-00Z__ben_non_malicious__ta1-marple-3-e5-official-1.bin.16__part-000007.pt,1557871800000000000,1557872400000000000,0,6089,37866,non_malicious__ta1-marple-3-e5-official-1.bin.16__part-000007.parquet
win_2019-05-13T19-00-00Z__2019-05-13T19-10-00Z__ben_non_malicious__ta1-marple-3-e5-official-1.bin.13__part-000011.pt,1557774000000000000,1557774600000000000,0,3229,100000,non_malicious__ta1-marple-3-e5-official-1.bin.13__part-000011.parquet
win_2019-05-13T19-20-00Z__2019-05-13T19-30-00Z__ben_non_malicious__ta1-marple-2-e5-official-1.bin.9__part-000012.pt,1557775200000000000,1557775800000000000,0,9857,78782,non_malicious__ta1-marple-2-e5-official-1.bin.9__part-000012.parquet
win_2019-05-12T02-00-00Z__2019-05-12T02-10-00Z__ben_non_malicious__ta1-marple-1-e5-official-1.bin.9__part-000001.pt,1557626400000000000,1557627000000000000,0,2067,21765,non_malicious__ta1-marple-1-e5-official-1.bin.9__part-000001.parquet
win_2019-05-09T05-40-00Z__2019-05-09T05-50-00Z__ben_non_malicious__ta1-marple-2-e5-official-1.bin.1__part-000010.pt,1557380400000000000,1557381000000000000,0,1095,8573,non_malicious__ta1-marple-2-e5-official-1.bin.1__part-000010.parquet
win_2019-05-11T11-10-00Z__2019-05-11T11-20-00Z__ben_non_malicious__ta1-marple-2-e5-official-1.bin.6__part-000004.pt,1557573000000000000,1557573600000000000,0,2086,11815,non_malicious__ta1-marple-2-e5-official-1.bin.6__part-000004.parquet
win_2019-05-10T01-10-00Z__2019-05-10T01-20-00Z__ben_non_malicious__ta1-marple-2-e5-official-1.bin.3__part-000005.pt,1557450600000000000,1557451200000000000,0,5967,66959,non_malicious__ta1-marple-2-e5-official-1.bin.3__part-000005.parquet
win_2019-05-08T03-20-00Z__2019-05-08T03-30-00Z__ben_non_malicious__ta1-marple-1-e5-official-1.bin.1__part-000004.pt,1557285600000000000,1557286200000000000,0,934,7035,non_malicious__ta1-marple-1-e5-official-1.bin.1__part-000004.parquet
win_2019-05-12T15-00-00Z__2019-05-12T15-10-00Z__ben_non_malicious__ta1-marple-2-e5-official-1.bin.8__part-000011.pt,1557673200000000000,1557673800000000000,0,7840,100000,non_malicious__ta1-marple-2-e5-official-1.bin.8__part-000011.parquet
win_2019-05-15T17-50-00Z__2019-05-15T18-00-00Z__ben_non_malicious__ta1-marple-2-e5-official-1.bin.13__part-000004.pt,1557942600000000000,1557943200000000000,0,12575,31203,non_malicious__ta1-marple-2-e5-official-1.bin.13__part-000004.parquet
win_2019-05-10T23-30-00Z__2019-05-10T23-40-00Z__ben_non_malicious__ta1-marple-3-e5-official-1.bin.11__part-000006.pt,1557531000000000000,1557531600000000000,0,2613,100000,non_malicious__ta1-marple-3-e5-official-1.bin.11__part-000006.parquet
win_2019-05-12T17-00-00Z__2019-05-12T17-10-00Z__ben_non_malicious__ta1-marple-1-e5-official-1.bin.10__part-000004.pt,1557680400000000000,1557681000000000000,0,3834,37959,non_malicious__ta1-marple-1-e5-official-1.bin.10__part-000004.parquet
win_2019-05-15T00-40-00Z__2019-05-15T00-50-00Z__ben_non_malicious__ta1-marple-1-e5-official-1.bin.15__part-000003.pt,1557880800000000000,1557881400000000000,0,5918,93693,non_malicious__ta1-marple-1-e5-official-1.bin.15__part-000003.parquet
win_2019-05-11T03-10-00Z__2019-05-11T03-20-00Z__ben_non_malicious__ta1-marple-1-e5-official-1.bin.7__part-000002.pt,1557544200000000000,1557544800000000000,0,7168,58371,non_malicious__ta1-marple-1-e5-official-1.bin.7__part-000002.parquet
win_2019-05-11T03-40-00Z__2019-05-11T03-50-00Z__ben_non_malicious__ta1-marple-2-e5-official-1.bin.5__part-000010.pt,1557546000000000000,1557546600000000000,0,3423,24741,non_malicious__ta1-marple-2-e5-official-1.bin.5__part-000010.parquet
win_2019-05-15T07-40-00Z__2019-05-15T07-50-00Z__ben_non_malicious__ta1-marple-1-e5-official-1.bin.15__part-000007.pt,1557906000000000000,1557906600000000000,0,22640,100000,non_malicious__ta1-marple-1-e5-official-1.bin.15__part-000007.parquet
win_2019-05-15T12-50-00Z__2019-05-15T13-00-00Z__ben_non_malicious__ta1-marple-2-e5-official-1.bin.12__part-000011.pt,1557924600000000000,1557925200000000000,0,14960,52595,non_malicious__ta1-marple-2-e5-official-1.bin.12__part-000011.parquet
win_2019-05-09T13-10-00Z__2019-05-09T13-20-00Z__ben_non_malicious__ta1-marple-3-e5-official-1.bin.6__part-000006.pt,1557407400000000000,1557408000000000000,0,5710,100000,non_malicious__ta1-marple-3-e5-official-1.bin.6__part-000006.parquet
win_2019-05-09T19-10-00Z__2019-05-09T19-20-00Z__ben_non_malicious__ta1-marple-3-e5-official-1.bin.8__part-000007.pt,1557429000000000000,1557429600000000000,0,4563,100000,non_malicious__ta1-marple-3-e5-official-1.bin.8__part-000007.parquet
win_2019-05-16T12-00-00Z__2019-05-16T12-10-00Z__ben_non_malicious__ta1-marple-3-e5-official-1.bin.20__part-000003.pt,1558008000000000000,1558008600000000000,0,7941,55457,non_malicious__ta1-marple-3-e5-official-1.bin.20__part-000003.parquet
win_2019-05-10T19-00-00Z__2019-05-10T19-10-00Z__ben_non_malicious__ta1-marple-2-e5-official-1.bin.4__part-000011.pt,1557514800000000000,1557515400000000000,0,10302,93005,non_malicious__ta1-marple-2-e5-official-1.bin.4__part-000011.parquet
win_2019-05-12T02-40-00Z__2019-05-12T02-50-00Z__ben_non_malicious__ta1-marple-2-e5-official-1.bin.7__part-000012.pt,1557628800000000000,1557629400000000000,0,7102,100000,non_malicious__ta1-marple-2-e5-official-1.bin.7__part-000012.parquet
win_2019-05-09T17-40-00Z__2019-05-09T17-50-00Z__ben_non_malicious__ta1-marple-3-e5-official-1.bin.8__part-000001.pt,1557423600000000000,1557424200000000000,0,8288,100000,non_malicious__ta1-marple-3-e5-official-1.bin.8__part-000001.parquet
win_2019-05-17T17-20-00Z__2019-05-17T17-30-00Z__ben_non_malicious__ta1-marple-3-e5-official-1.bin.22__part-000012.pt,1558113600000000000,1558114200000000000,0,9000,90808,non_malicious__ta1-marple-3-e5-official-1.bin.22__part-000012.parquet
win_2019-05-08T00-40-00Z__2019-05-08T00-50-00Z__ben_non_malicious__ta1-marple-3-e5-official-1.bin.1__part-000004.pt,1557276000000000000,1557276600000000000,0,1751,100000,non_malicious__ta1-marple-3-e5-official-1.bin.1__part-000004.parquet
win_2019-05-07T19-00-00Z__2019-05-07T19-10-00Z__ben_non_malicious__ta1-marple-1-e5-official-1.bin__part-000006.pt,1557255600000000000,1557256200000000000,0,11094,100000,non_malicious__ta1-marple-1-e5-official-1.bin__part-000006.parquet
win_2019-05-08T00-20-00Z__2019-05-08T00-30-00Z__ben_non_malicious__ta1-marple-3-e5-official-1.bin.1__part-000003.pt,1557274800000000000,1557275400000000000,0,2212,100000,non_malicious__ta1-marple-3-e5-official-1.bin.1__part-000003.parquet
win_2019-05-14T21-10-00Z__2019-05-14T21-20-00Z__ben_non_malicious__ta1-marple-3-e5-official-1.bin.16__part-000006.pt,1557868200000000000,1557868800000000000,0,406,1455,non_malicious__ta1-marple-3-e5-official-1.bin.16__part-000006.parquet
win_2019-05-09T04-10-00Z__2019-05-09T04-20-00Z__ben_non_malicious__ta1-marple-3-e5-official-1.bin.5__part-000003.pt,1557375000000000000,1557375600000000000,0,4081,100000,non_malicious__ta1-marple-3-e5-official-1.bin.5__part-000003.parquet
win_2019-05-16T15-50-00Z__2019-05-16T16-00-00Z__ben_non_malicious__ta1-marple-3-e5-official-1.bin.20__part-000007.pt,1558021800000000000,1558022400000000000,0,6307,74966,non_malicious__ta1-marple-3-e5-official-1.bin.20__part-000007.parquet
win_2019-05-09T15-10-00Z__2019-05-09T15-20-00Z__ben_non_malicious__ta1-marple-3-e5-official-1.bin.7__part-000003.pt,1557414600000000000,1557415200000000000,0,4588,100000,non_malicious__ta1-marple-3-e5-official-1.bin.7__part-000003.parquet
win_2019-05-14T21-20-00Z__2019-05-14T21-30-00Z__ben_non_malicious__ta1-marple-1-e5-official-1.bin.14__part-000009.pt,1557868800000000000,1557869400000000000,0,539,3055,non_malicious__ta1-marple-1-e5-official-1.bin.14__part-000009.parquet
win_2019-05-11T19-20-00Z__2019-05-11T19-30-00Z__ben_non_malicious__ta1-marple-2-e5-official-1.bin.7__part-000003.pt,1557602400000000000,1557603000000000000,0,12534,100000,non_malicious__ta1-marple-2-e5-official-1.bin.7__part-000003.parquet
win_2019-05-09T20-30-00Z__2019-05-09T20-40-00Z__ben_non_malicious__ta1-marple-1-e5-official-1.bin.4__part-000007.pt,1557433800000000000,1557434400000000000,0,2504,34128,non_malicious__ta1-marple-1-e5-official-1.bin.4__part-000007.parquet
win_2019-05-12T00-00-00Z__2019-05-12T00-10-00Z__ben_non_malicious__ta1-marple-1-e5-official-1.bin.8__part-000010.pt,1557619200000000000,1557619800000000000,0,14598,100000,non_malicious__ta1-marple-1-e5-official-1.bin.8__part-000010.parquet
win_2019-05-11T12-40-00Z__2019-05-11T12-50-00Z__ben_non_malicious__ta1-marple-2-e5-official-1.bin.6__part-000005.pt,1557578400000000000,1557579000000000000,0,4725,100000,non_malicious__ta1-marple-2-e5-official-1.bin.6__part-000005.parquet
win_2019-05-13T15-10-00Z__2019-05-13T15-20-00Z__ben_non_malicious__ta1-marple-1-e5-official-1.bin.11__part-000012.pt,1557760200000000000,1557760800000000000,0,1503,8544,non_malicious__ta1-marple-1-e5-official-1.bin.11__part-000012.parquet
win_2019-05-07T20-40-00Z__2019-05-07T20-50-00Z__ben_non_malicious__ta1-marple-3-e5-official-1.bin__part-000005.pt,1557261600000000000,1557262200000000000,0,2216,100000,non_malicious__ta1-marple-3-e5-official-1.bin__part-000005.parquet
win_2019-05-12T09-50-00Z__2019-05-12T10-00-00Z__ben_non_malicious__ta1-marple-2-e5-official-1.bin.8__part-000006.pt,1557654600000000000,1557655200000000000,0,9558,88783,non_malicious__ta1-marple-2-e5-official-1.bin.8__part-000006.parquet
win_2019-05-09T16-30-00Z__2019-05-09T16-40-00Z__ben_non_malicious__ta1-marple-1-e5-official-1.bin.3__part-000012.pt,1557419400000000000,1557420000000000000,0,2248,24445,non_malicious__ta1-marple-1-e5-official-1.bin.3__part-000012.parquet
win_2019-05-14T01-20-00Z__2019-05-14T01-30-00Z__ben_non_malicious__ta1-marple-1-e5-official-1.bin.13__part-000001.pt,1557796800000000000,1557797400000000000,0,311,59023,non_malicious__ta1-marple-1-e5-official-1.bin.13__part-000001.parquet
win_2019-05-12T06-30-00Z__2019-05-12T06-40-00Z__ben_non_malicious__ta1-marple-2-e5-official-1.bin.8__part-000004.pt,1557642600000000000,1557643200000000000,0,8408,62594,non_malicious__ta1-marple-2-e5-official-1.bin.8__part-000004.parquet
win_2019-05-13T16-10-00Z__2019-05-13T16-20-00Z__ben_non_malicious__ta1-marple-3-e5-official-1.bin.13__part-000003.pt,1557763800000000000,1557764400000000000,0,2029,34044,non_malicious__ta1-marple-3-e5-official-1.bin.13__part-000003.parquet
win_2019-05-13T21-40-00Z__2019-05-13T21-50-00Z__ben_non_malicious__ta1-marple-1-e5-official-1.bin.12__part-000008.pt,1557783600000000000,1557784200000000000,0,9512,100000,non_malicious__ta1-marple-1-e5-official-1.bin.12__part-000008.parquet
win_2019-05-15T09-40-00Z__2019-05-15T09-50-00Z__ben_non_malicious__ta1-marple-2-e5-official-1.bin.12__part-000009.pt,1557913200000000000,1557913800000000000,0,7287,82736,non_malicious__ta1-marple-2-e5-official-1.bin.12__part-000009.parquet
win_2019-05-13T07-30-00Z__2019-05-13T07-40-00Z__ben_non_malicious__ta1-marple-1-e5-official-1.bin.11__part-000006.pt,1557732600000000000,1557733200000000000,0,10016,100000,non_malicious__ta1-marple-1-e5-official-1.bin.11__part-000006.parquet
win_2019-05-10T18-20-00Z__2019-05-10T18-30-00Z__ben_non_malicious__ta1-marple-3-e5-official-1.bin.10__part-000001.pt,1557512400000000000,1557513000000000000,0,19608,100000,non_malicious__ta1-marple-3-e5-official-1.bin.10__part-000001.parquet
win_2019-05-12T16-00-00Z__2019-05-12T16-10-00Z__ben_non_malicious__ta1-marple-1-e5-official-1.bin.10__part-000003.pt,1557676800000000000,1557677400000000000,0,2538,22417,non_malicious__ta1-marple-1-e5-official-1.bin.10__part-000003.parquet
win_2019-05-16T19-30-00Z__2019-05-16T19-40-00Z__ben_non_malicious__ta1-marple-3-e5-official-1.bin.20__part-000011.pt,1558035000000000000,1558035600000000000,0,8629,100000,non_malicious__ta1-marple-3-e5-official-1.bin.20__part-000011.parquet
win_2019-05-09T09-00-00Z__2019-05-09T09-10-00Z__ben_non_malicious__ta1-marple-2-e5-official-1.bin.1__part-000011.pt,1557392400000000000,1557393000000000000,0,2707,23596,non_malicious__ta1-marple-2-e5-official-1.bin.1__part-000011.parquet
win_2019-05-07T18-40-00Z__2019-05-07T18-50-00Z__ben_non_malicious__ta1-marple-2-e5-official-1.bin__part-000003.pt,1557254400000000000,1557255000000000000,0,4881,51792,non_malicious__ta1-marple-2-e5-official-1.bin__part-000003.parquet
win_2019-05-09T16-10-00Z__2019-05-09T16-20-00Z__ben_non_malicious__ta1-marple-3-e5-official-1.bin.7__part-000008.pt,1557418200000000000,1557418800000000000,0,4548,100000,non_malicious__ta1-marple-3-e5-official-1.bin.7__part-000008.parquet
win_2019-05-17T09-50-00Z__2019-05-17T10-00-00Z__ben_non_malicious__ta1-marple-3-e5-official-1.bin.22__part-000005.pt,1558086600000000000,1558087200000000000,0,1089,6735,non_malicious__ta1-marple-3-e5-official-1.bin.22__part-000005.parquet
win_2019-05-13T23-10-00Z__2019-05-13T23-20-00Z__ben_non_malicious__ta1-marple-3-e5-official-1.bin.14__part-000003.pt,1557789000000000000,1557789600000000000,0,4328,25869,non_malicious__ta1-marple-3-e5-official-1.bin.14__part-000003.parquet
win_2019-05-14T12-50-00Z__2019-05-14T13-00-00Z__ben_non_malicious__ta1-marple-3-e5-official-1.bin.15__part-000005.pt,1557838200000000000,1557838800000000000,0,6693,56305,non_malicious__ta1-marple-3-e5-official-1.bin.15__part-000005.parquet
win_2019-05-14T01-50-00Z__2019-05-14T02-00-00Z__ben_non_malicious__ta1-marple-3-e5-official-1.bin.14__part-000006.pt,1557798600000000000,1557799200000000000,0,6292,100000,non_malicious__ta1-marple-3-e5-official-1.bin.14__part-000006.parquet
win_2019-05-10T22-30-00Z__2019-05-10T22-40-00Z__ben_non_malicious__ta1-marple-3-e5-official-1.bin.10__part-000012.pt,1557527400000000000,1557528000000000000,0,2262,100000,non_malicious__ta1-marple-3-e5-official-1.bin.10__part-000012.parquet
win_2019-05-15T16-40-00Z__2019-05-15T16-50-00Z__ben_non_malicious__ta1-marple-3-e5-official-1.bin.18__part-000005.pt,1557938400000000000,1557939000000000000,0,3437,100000,non_malicious__ta1-marple-3-e5-official-1.bin.18__part-000005.parquet
win_2019-05-13T23-30-00Z__2019-05-13T23-40-00Z__ben_non_malicious__ta1-marple-3-e5-official-1.bin.14__part-000004.pt,1557790200000000000,1557790800000000000,0,672,7608,non_malicious__ta1-marple-3-e5-official-1.bin.14__part-000004.parquet
win_2019-05-12T05-40-00Z__2019-05-12T05-50-00Z__ben_non_malicious__ta1-marple-3-e5-official-1.bin.11__part-000013.pt,1557639600000000000,1557640200000000000,0,2,14352,non_malicious__ta1-marple-3-e5-official-1.bin.11__part-000013.parquet
win_2019-05-11T07-00-00Z__2019-05-11T07-10-00Z__ben_non_malicious__ta1-marple-2-e5-official-1.bin.5__part-000012.pt,1557558000000000000,1557558600000000000,0,9131,100000,non_malicious__ta1-marple-2-e5-official-1.bin.5__part-000012.parquet
win_2019-05-08T18-50-00Z__2019-05-08T19-00-00Z__ben_non_malicious__ta1-marple-2-e5-official-1.bin.1__part-000006.pt,1557341400000000000,1557342000000000000,0,6861,73000,non_malicious__ta1-marple-2-e5-official-1.bin.1__part-000006.parquet
win_2019-05-14T18-10-00Z__2019-05-14T18-20-00Z__ben_non_malicious__ta1-marple-1-e5-official-1.bin.14__part-000005.pt,1557857400000000000,1557858000000000000,0,619,4580,non_malicious__ta1-marple-1-e5-official-1.bin.14__part-000005.parquet
win_2019-05-10T17-30-00Z__2019-05-10T17-40-00Z__ben_non_malicious__ta1-marple-2-e5-official-1.bin.4__part-000009.pt,1557509400000000000,1557510000000000000,0,8410,83317,non_malicious__ta1-marple-2-e5-official-1.bin.4__part-000009.parquet
win_2019-05-09T00-50-00Z__2019-05-09T01-00-00Z__ben_non_malicious__ta1-marple-3-e5-official-1.bin.4__part-000010.pt,1557363000000000000,1557363600000000000,0,4190,100000,non_malicious__ta1-marple-3-e5-official-1.bin.4__part-000010.parquet
win_2019-05-13T22-40-00Z__2019-05-13T22-50-00Z__ben_non_malicious__ta1-marple-1-e5-official-1.bin.12__part-000009.pt,1557787200000000000,1557787800000000000,0,5712,100000,non_malicious__ta1-marple-1-e5-official-1.bin.12__part-000009.parquet
win_2019-05-09T03-10-00Z__2019-05-09T03-20-00Z__ben_non_malicious__ta1-marple-1-e5-official-1.bin.3__part-000001.pt,1557371400000000000,1557372000000000000,0,3437,15181,non_malicious__ta1-marple-1-e5-official-1.bin.3__part-000001.parquet
win_2019-05-13T17-30-00Z__2019-05-13T17-40-00Z__ben_non_malicious__ta1-marple-3-e5-official-1.bin.13__part-000008.pt,1557768600000000000,1557769200000000000,0,5490,56329,non_malicious__ta1-marple-3-e5-official-1.bin.13__part-000008.parquet
win_2019-05-14T06-50-00Z__2019-05-14T07-00-00Z__ben_non_malicious__ta1-marple-3-e5-official-1.bin.14__part-000010.pt,1557816600000000000,1557817200000000000,0,6863,43614,non_malicious__ta1-marple-3-e5-official-1.bin.14__part-000010.parquet
win_2019-05-12T05-50-00Z__2019-05-12T06-00-00Z__ben_non_malicious__ta1-marple-1-e5-official-1.bin.9__part-000005.pt,1557640200000000000,1557640800000000000,0,8748,100000,non_malicious__ta1-marple-1-e5-official-1.bin.9__part-000005.parquet
win_2019-05-10T09-20-00Z__2019-05-10T09-30-00Z__ben_non_malicious__ta1-marple-3-e5-official-1.bin.9__part-000009.pt,1557480000000000000,1557480600000000000,0,24850,100000,non_malicious__ta1-marple-3-e5-official-1.bin.9__part-000009.parquet
win_2019-05-10T15-40-00Z__2019-05-10T15-50-00Z__ben_non_malicious__ta1-marple-2-e5-official-1.bin.4__part-000007.pt,1557502800000000000,1557503400000000000,0,11860,100000,non_malicious__ta1-marple-2-e5-official-1.bin.4__part-000007.parquet
win_2019-05-09T02-40-00Z__2019-05-09T02-50-00Z__ben_non_malicious__ta1-marple-3-e5-official-1.bin.5__part-000001.pt,1557369600000000000,1557370200000000000,0,426,5927,non_malicious__ta1-marple-3-e5-official-1.bin.5__part-000001.parquet
win_2019-05-07T20-20-00Z__2019-05-07T20-30-00Z__ben_non_malicious__ta1-marple-3-e5-official-1.bin__part-000004.pt,1557260400000000000,1557261000000000000,0,2504,100000,non_malicious__ta1-marple-3-e5-official-1.bin__part-000004.parquet
win_2019-05-16T04-10-00Z__2019-05-16T04-20-00Z__ben_non_malicious__ta1-marple-3-e5-official-1.bin.19__part-000008.pt,1557979800000000000,1557980400000000000,0,9647,85132,non_malicious__ta1-marple-3-e5-official-1.bin.19__part-000008.parquet
win_2019-05-08T07-00-00Z__2019-05-08T07-10-00Z__ben_non_malicious__ta1-marple-1-e5-official-1.bin.1__part-000007.pt,1557298800000000000,1557299400000000000,0,6992,66209,non_malicious__ta1-marple-1-e5-official-1.bin.1__part-000007.parquet
win_2019-05-09T19-30-00Z__2019-05-09T19-40-00Z__ben_non_malicious__ta1-marple-3-e5-official-1.bin.8__part-000008.pt,1557430200000000000,1557430800000000000,0,2398,100000,non_malicious__ta1-marple-3-e5-official-1.bin.8__part-000008.parquet
win_2019-05-08T16-10-00Z__2019-05-08T16-20-00Z__ben_non_malicious__ta1-marple-3-e5-official-1.bin.3__part-000002.pt,1557331800000000000,1557332400000000000,0,4637,100000,non_malicious__ta1-marple-3-e5-official-1.bin.3__part-000002.parquet
win_2019-05-10T22-50-00Z__2019-05-10T23-00-00Z__ben_non_malicious__ta1-marple-2-e5-official-1.bin.5__part-000005.pt,1557528600000000000,1557529200000000000,0,9878,92186,non_malicious__ta1-marple-2-e5-official-1.bin.5__part-000005.parquet
win_2019-05-17T00-40-00Z__2019-05-17T00-50-00Z__ben_non_malicious__ta1-marple-3-e5-official-1.bin.21__part-000009.pt,1558053600000000000,1558054200000000000,0,11321,100000,non_malicious__ta1-marple-3-e5-official-1.bin.21__part-000009.parquet
win_2019-05-09T12-00-00Z__2019-05-09T12-10-00Z__ben_non_malicious__ta1-marple-2-e5-official-1.bin.1__part-000012.pt,1557403200000000000,1557403800000000000,0,3340,31699,non_malicious__ta1-marple-2-e5-official-1.bin.1__part-000012.parquet
win_2019-05-08T03-00-00Z__2019-05-08T03-10-00Z__ben_non_malicious__ta1-marple-3-e5-official-1.bin.2__part-000006.pt,1557284400000000000,1557285000000000000,0,712,35758,non_malicious__ta1-marple-3-e5-official-1.bin.2__part-000006.parquet
win_2019-05-12T06-40-00Z__2019-05-12T06-50-00Z__ben_non_malicious__ta1-marple-3-e5-official-1.bin.12__part-000001.pt,1557643200000000000,1557643800000000000,0,2,13996,non_malicious__ta1-marple-3-e5-official-1.bin.12__part-000001.parquet
win_2019-05-13T15-40-00Z__2019-05-13T15-50-00Z__ben_non_malicious__ta1-marple-3-e5-official-1.bin.12__part-000013.pt,1557762000000000000,1557762600000000000,0,3342,21651,non_malicious__ta1-marple-3-e5-official-1.bin.12__part-000013.parquet
win_2019-05-14T17-40-00Z__2019-05-14T17-50-00Z__ben_non_malicious__ta1-marple-1-e5-official-1.bin.14__part-000004.pt,1557855600000000000,1557856200000000000,0,8114,100000,non_malicious__ta1-marple-1-e5-official-1.bin.14__part-000004.parquet
win_2019-05-15T22-00-00Z__2019-05-15T22-10-00Z__ben_non_malicious__ta1-marple-3-e5-official-1.bin.19__part-000001.pt,1557957600000000000,1557958200000000000,0,8799,100000,non_malicious__ta1-marple-3-e5-official-1.bin.19__part-000001.parquet
win_2019-05-14T23-40-00Z__2019-05-14T23-50-00Z__ben_non_malicious__ta1-marple-2-e5-official-1.bin.12__part-000003.pt,1557877200000000000,1557877800000000000,0,6654,54500,non_malicious__ta1-marple-2-e5-official-1.bin.12__part-000003.parquet
win_2019-05-11T19-50-00Z__2019-05-11T20-00-00Z__ben_non_malicious__ta1-marple-2-e5-official-1.bin.7__part-000004.pt,1557604200000000000,1557604800000000000,0,4489,28880,non_malicious__ta1-marple-2-e5-official-1.bin.7__part-000004.parquet
win_2019-05-09T16-30-00Z__2019-05-09T16-40-00Z__ben_non_malicious__ta1-marple-3-e5-official-1.bin.7__part-000009.pt,1557419400000000000,1557420000000000000,0,1963,100000,non_malicious__ta1-marple-3-e5-official-1.bin.7__part-000009.parquet
win_2019-05-10T10-50-00Z__2019-05-10T11-00-00Z__ben_non_malicious__ta1-marple-2-e5-official-1.bin.3__part-000012.pt,1557485400000000000,1557486000000000000,0,10290,87711,non_malicious__ta1-marple-2-e5-official-1.bin.3__part-000012.parquet
win_2019-05-11T19-30-00Z__2019-05-11T19-40-00Z__ben_non_malicious__ta1-marple-1-e5-official-1.bin.8__part-000006.pt,1557603000000000000,1557603600000000000,0,8220,100000,non_malicious__ta1-marple-1-e5-official-1.bin.8__part-000006.parquet
win_2019-05-09T13-10-00Z__2019-05-09T13-20-00Z__ben_non_malicious__ta1-marple-1-e5-official-1.bin.3__part-000005.pt,1557407400000000000,1557408000000000000,0,7549,100000,non_malicious__ta1-marple-1-e5-official-1.bin.3__part-000005.parquet
win_2019-05-08T03-10-00Z__2019-05-08T03-20-00Z__ben_non_malicious__ta1-marple-3-e5-official-1.bin.2__part-000007.pt,1557285000000000000,1557285600000000000,0,299,11360,non_malicious__ta1-marple-3-e5-official-1.bin.2__part-000007.parquet
win_2019-05-15T16-50-00Z__2019-05-15T17-00-00Z__ben_non_malicious__ta1-marple-2-e5-official-1.bin.13__part-000003.pt,1557939000000000000,1557939600000000000,0,12881,41751,non_malicious__ta1-marple-2-e5-official-1.bin.13__part-000003.parquet
win_2019-05-16T02-40-00Z__2019-05-16T02-50-00Z__ben_non_malicious__ta1-marple-3-e5-official-1.bin.19__part-000007.pt,1557974400000000000,1557975000000000000,0,2556,11028,non_malicious__ta1-marple-3-e5-official-1.bin.19__part-000007.parquet
win_2019-05-13T16-30-00Z__2019-05-13T16-40-00Z__ben_non_malicious__ta1-marple-3-e5-official-1.bin.13__part-000004.pt,1557765000000000000,1557765600000000000,0,8631,100000,non_malicious__ta1-marple-3-e5-official-1.bin.13__part-000004.parquet
win_2019-05-14T18-40-00Z__2019-05-14T18-50-00Z__ben_non_malicious__ta1-marple-3-e5-official-1.bin.16__part-000003.pt,1557859200000000000,1557859800000000000,0,6824,56936,non_malicious__ta1-marple-3-e5-official-1.bin.16__part-000003.parquet
win_2019-05-16T10-30-00Z__2019-05-16T10-40-00Z__ben_non_malicious__ta1-marple-3-e5-official-1.bin.20__part-000002.pt,1558002600000000000,1558003200000000000,0,7043,100000,non_malicious__ta1-marple-3-e5-official-1.bin.20__part-000002.parquet
win_2019-05-08T16-20-00Z__2019-05-08T16-30-00Z__ben_non_malicious__ta1-marple-2-e5-official-1.bin.1__part-000002.pt,1557332400000000000,1557333000000000000,0,6208,100000,non_malicious__ta1-marple-2-e5-official-1.bin.1__part-000002.parquet
win_2019-05-13T01-20-00Z__2019-05-13T01-30-00Z__ben_non_malicious__ta1-marple-1-e5-official-1.bin.10__part-000012.pt,1557710400000000000,1557711000000000000,0,11149,100000,non_malicious__ta1-marple-1-e5-official-1.bin.10__part-000012.parquet
win_2019-05-11T05-00-00Z__2019-05-11T05-10-00Z__ben_non_malicious__ta1-marple-1-e5-official-1.bin.7__part-000004.pt,1557550800000000000,1557551400000000000,0,2417,11906,non_malicious__ta1-marple-1-e5-official-1.bin.7__part-000004.parquet
win_2019-05-15T17-50-00Z__2019-05-15T18-00-00Z__ben_non_malicious__ta1-marple-3-e5-official-1.bin.18__part-000007.pt,1557942600000000000,1557943200000000000,0,1685,7940,non_malicious__ta1-marple-3-e5-official-1.bin.18__part-000007.parquet
win_2019-05-09T07-40-00Z__2019-05-09T07-50-00Z__ben_non_malicious__ta1-marple-1-e5-official-1.bin.3__part-000002.pt,1557387600000000000,1557388200000000000,0,13990,100000,non_malicious__ta1-marple-1-e5-official-1.bin.3__part-000002.parquet
win_2019-05-10T22-00-00Z__2019-05-10T22-10-00Z__ben_non_malicious__ta1-marple-3-e5-official-1.bin.10__part-000010.pt,1557525600000000000,1557526200000000000,0,3475,100000,non_malicious__ta1-marple-3-e5-official-1.bin.10__part-000010.parquet
win_2019-05-15T09-10-00Z__2019-05-15T09-20-00Z__ben_non_malicious__ta1-marple-3-e5-official-1.bin.17__part-000006.pt,1557911400000000000,1557912000000000000,0,9949,100000,non_malicious__ta1-marple-3-e5-official-1.bin.17__part-000006.parquet
win_2019-05-14T15-50-00Z__2019-05-14T16-00-00Z__ben_non_malicious__ta1-marple-1-e5-official-1.bin.14__part-000001.pt,1557849000000000000,1557849600000000000,0,5547,100000,non_malicious__ta1-marple-1-e5-official-1.bin.14__part-000001.parquet
win_2019-05-14T23-00-00Z__2019-05-14T23-10-00Z__ben_non_malicious__ta1-marple-3-e5-official-1.bin.16__part-000008.pt,1557874800000000000,1557875400000000000,0,6291,67113,non_malicious__ta1-marple-3-e5-official-1.bin.16__part-000008.parquet
win_2019-05-17T02-10-00Z__2019-05-17T02-20-00Z__ben_non_malicious__ta1-marple-3-e5-official-1.bin.21__part-000010.pt,1558059000000000000,1558059600000000000,0,2660,19180,non_malicious__ta1-marple-3-e5-official-1.bin.21__part-000010.parquet
win_2019-05-09T14-50-00Z__2019-05-09T15-00-00Z__ben_non_malicious__ta1-marple-3-e5-official-1.bin.7__part-000002.pt,1557413400000000000,1557414000000000000,0,2486,100000,non_malicious__ta1-marple-3-e5-official-1.bin.7__part-000002.parquet
win_2019-05-10T20-30-00Z__2019-05-10T20-40-00Z__ben_non_malicious__ta1-marple-2-e5-official-1.bin.5__part-000001.pt,1557520200000000000,1557520800000000000,0,6481,100000,non_malicious__ta1-marple-2-e5-official-1.bin.5__part-000001.parquet
win_2019-05-09T21-50-00Z__2019-05-09T22-00-00Z__ben_non_malicious__ta1-marple-2-e5-official-1.bin.3__part-000001.pt,1557438600000000000,1557439200000000000,0,9689,100000,non_malicious__ta1-marple-2-e5-official-1.bin.3__part-000001.parquet
win_2019-05-09T16-40-00Z__2019-05-09T16-50-00Z__ben_non_malicious__ta1-marple-1-e5-official-1.bin.4__part-000001.pt,1557420000000000000,1557420600000000000,0,8698,100000,non_malicious__ta1-marple-1-e5-official-1.bin.4__part-000001.parquet
win_2019-05-14T05-40-00Z__2019-05-14T05-50-00Z__ben_non_malicious__ta1-marple-3-e5-official-1.bin.14__part-000009.pt,1557812400000000000,1557813000000000000,0,8050,66040,non_malicious__ta1-marple-3-e5-official-1.bin.14__part-000009.parquet
win_2019-05-10T05-10-00Z__2019-05-10T05-20-00Z__ben_non_malicious__ta1-marple-2-e5-official-1.bin.3__part-000008.pt,1557465000000000000,1557465600000000000,0,2927,17261,non_malicious__ta1-marple-2-e5-official-1.bin.3__part-000008.parquet
win_2019-05-12T08-00-00Z__2019-05-12T08-10-00Z__ben_non_malicious__ta1-marple-1-e5-official-1.bin.9__part-000007.pt,1557648000000000000,1557648600000000000,0,16508,100000,non_malicious__ta1-marple-1-e5-official-1.bin.9__part-000007.parquet
win_2019-05-09T16-00-00Z__2019-05-09T16-10-00Z__ben_non_malicious__ta1-marple-3-e5-official-1.bin.7__part-000007.pt,1557417600000000000,1557418200000000000,0,3123,100000,non_malicious__ta1-marple-3-e5-official-1.bin.7__part-000007.parquet
win_2019-05-11T09-40-00Z__2019-05-11T09-50-00Z__ben_non_malicious__ta1-marple-1-e5-official-1.bin.7__part-000008.pt,1557567600000000000,1557568200000000000,0,8256,80539,non_malicious__ta1-marple-1-e5-official-1.bin.7__part-000008.parquet
win_2019-05-12T15-00-00Z__2019-05-12T15-10-00Z__ben_non_malicious__ta1-marple-1-e5-official-1.bin.10__part-000002.pt,1557673200000000000,1557673800000000000,0,166,1518,non_malicious__ta1-marple-1-e5-official-1.bin.10__part-000002.parquet
win_2019-05-12T16-40-00Z__2019-05-12T16-50-00Z__ben_non_malicious__ta1-marple-2-e5-official-1.bin.9__part-000003.pt,1557679200000000000,1557679800000000000,0,3434,76704,non_malicious__ta1-marple-2-e5-official-1.bin.9__part-000003.parquet
win_2019-05-08T01-20-00Z__2019-05-08T01-30-00Z__ben_non_malicious__ta1-marple-3-e5-official-1.bin.1__part-000008.pt,1557278400000000000,1557279000000000000,0,1398,100000,non_malicious__ta1-marple-3-e5-official-1.bin.1__part-000008.parquet
win_2019-05-15T13-00-00Z__2019-05-15T13-10-00Z__ben_non_malicious__ta1-marple-1-e5-official-1.bin.16__part-000001.pt,1557925200000000000,1557925800000000000,0,366,2689,non_malicious__ta1-marple-1-e5-official-1.bin.16__part-000001.parquet
win_2019-05-15T12-10-00Z__2019-05-15T12-20-00Z__ben_non_malicious__ta1-marple-1-e5-official-1.bin.15__part-000011.pt,1557922200000000000,1557922800000000000,0,10205,100000,non_malicious__ta1-marple-1-e5-official-1.bin.15__part-000011.parquet
win_2019-05-14T16-50-00Z__2019-05-14T17-00-00Z__ben_non_malicious__ta1-marple-3-e5-official-1.bin.15__part-000012.pt,1557852600000000000,1557853200000000000,0,1589,12819,non_malicious__ta1-marple-3-e5-official-1.bin.15__part-000012.parquet
win_2019-05-13T20-50-00Z__2019-05-13T21-00-00Z__ben_non_malicious__ta1-marple-2-e5-official-1.bin.10__part-000003.pt,1557780600000000000,1557781200000000000,0,10628,28356,non_malicious__ta1-marple-2-e5-official-1.bin.10__part-000003.parquet
win_2019-05-15T08-50-00Z__2019-05-15T09-00-00Z__ben_non_malicious__ta1-marple-1-e5-official-1.bin.15__part-000009.pt,1557910200000000000,1557910800000000000,0,3682,100000,non_malicious__ta1-marple-1-e5-official-1.bin.15__part-000009.parquet
win_2019-05-08T16-40-00Z__2019-05-08T16-50-00Z__ben_non_malicious__ta1-marple-3-e5-official-1.bin.3__part-000004.pt,1557333600000000000,1557334200000000000,0,1968,100000,non_malicious__ta1-marple-3-e5-official-1.bin.3__part-000004.parquet
win_2019-05-12T11-00-00Z__2019-05-12T11-10-00Z__ben_non_malicious__ta1-marple-2-e5-official-1.bin.8__part-000007.pt,1557658800000000000,1557659400000000000,0,9740,97414,non_malicious__ta1-marple-2-e5-official-1.bin.8__part-000007.parquet
win_2019-05-14T21-10-00Z__2019-05-14T21-20-00Z__ben_non_malicious__ta1-marple-2-e5-official-1.bin.12__part-000001.pt,1557868200000000000,1557868800000000000,0,8035,61264,non_malicious__ta1-marple-2-e5-official-1.bin.12__part-000001.parquet
win_2019-05-12T01-10-00Z__2019-05-12T01-20-00Z__ben_non_malicious__ta1-marple-2-e5-official-1.bin.7__part-000011.pt,1557623400000000000,1557624000000000000,0,4442,72364,non_malicious__ta1-marple-2-e5-official-1.bin.7__part-000011.parquet
win_2019-05-15T07-40-00Z__2019-05-15T07-50-00Z__ben_non_malicious__ta1-marple-1-e5-official-1.bin.15__part-000008.pt,1557906000000000000,1557906600000000000,0,33601,100000,non_malicious__ta1-marple-1-e5-official-1.bin.15__part-000008.parquet
win_2019-05-08T02-10-00Z__2019-05-08T02-20-00Z__ben_non_malicious__ta1-marple-3-e5-official-1.bin.2__part-000001.pt,1557281400000000000,1557282000000000000,0,1539,100000,non_malicious__ta1-marple-3-e5-official-1.bin.2__part-000001.parquet
win_2019-05-09T19-40-00Z__2019-05-09T19-50-00Z__ben_non_malicious__ta1-marple-3-e5-official-1.bin.8__part-000009.pt,1557430800000000000,1557431400000000000,0,3349,47684,non_malicious__ta1-marple-3-e5-official-1.bin.8__part-000009.parquet
win_2019-05-16T15-10-00Z__2019-05-16T15-20-00Z__ben_non_malicious__ta1-marple-3-e5-official-1.bin.20__part-000006.pt,1558019400000000000,1558020000000000000,0,7549,100000,non_malicious__ta1-marple-3-e5-official-1.bin.20__part-000006.parquet
win_2019-05-08T06-00-00Z__2019-05-08T06-10-00Z__ben_non_malicious__ta1-marple-2-e5-official-1.bin__part-000007.pt,1557295200000000000,1557295800000000000,0,3162,17729,non_malicious__ta1-marple-2-e5-official-1.bin__part-000007.parquet
win_2019-05-09T06-10-00Z__2019-05-09T06-20-00Z__ben_non_malicious__ta1-marple-3-e5-official-1.bin.5__part-000006.pt,1557382200000000000,1557382800000000000,0,3004,72582,non_malicious__ta1-marple-3-e5-official-1.bin.5__part-000006.parquet
win_2019-05-14T22-10-00Z__2019-05-14T22-20-00Z__ben_non_malicious__ta1-marple-1-e5-official-1.bin.14__part-000010.pt,1557871800000000000,1557872400000000000,0,4279,59761,non_malicious__ta1-marple-1-e5-official-1.bin.14__part-000010.parquet
win_2019-05-17T05-30-00Z__2019-05-17T05-40-00Z__ben_non_malicious__ta1-marple-3-e5-official-1.bin.22__part-000002.pt,1558071000000000000,1558071600000000000,0,2199,16681,non_malicious__ta1-marple-3-e5-official-1.bin.22__part-000002.parquet
win_2019-05-13T04-00-00Z__2019-05-13T04-10-00Z__ben_non_malicious__ta1-marple-3-e5-official-1.bin.12__part-000007.pt,1557720000000000000,1557720600000000000,0,2,6063,non_malicious__ta1-marple-3-e5-official-1.bin.12__part-000007.parquet
win_2019-05-17T19-40-00Z__2019-05-17T19-50-00Z__ben_non_malicious__ta1-marple-3-e5-official-1.bin.23__part-000003.pt,1558122000000000000,1558122600000000000,0,8741,94146,non_malicious__ta1-marple-3-e5-official-1.bin.23__part-000003.parquet
win_2019-05-10T23-20-00Z__2019-05-10T23-30-00Z__ben_non_malicious__ta1-marple-3-e5-official-1.bin.11__part-000005.pt,1557530400000000000,1557531000000000000,0,3093,100000,non_malicious__ta1-marple-3-e5-official-1.bin.11__part-000005.parquet
win_2019-05-12T18-00-00Z__2019-05-12T18-10-00Z__ben_non_malicious__ta1-marple-1-e5-official-1.bin.10__part-000005.pt,1557684000000000000,1557684600000000000,0,6332,100000,non_malicious__ta1-marple-1-e5-official-1.bin.10__part-000005.parquet
win_2019-05-12T03-10-00Z__2019-05-12T03-20-00Z__ben_non_malicious__ta1-marple-2-e5-official-1.bin.8__part-000001.pt,1557630600000000000,1557631200000000000,0,8730,100000,non_malicious__ta1-marple-2-e5-official-1.bin.8__part-000001.parquet
win_2019-05-14T08-10-00Z__2019-05-14T08-20-00Z__ben_non_malicious__ta1-marple-3-e5-official-1.bin.15__part-000001.pt,1557821400000000000,1557822000000000000,0,3726,29423,non_malicious__ta1-marple-3-e5-official-1.bin.15__part-000001.parquet
win_2019-05-09T17-20-00Z__2019-05-09T17-30-00Z__ben_non_malicious__ta1-marple-3-e5-official-1.bin.7__part-000012.pt,1557422400000000000,1557423000000000000,0,2825,100000,non_malicious__ta1-marple-3-e5-official-1.bin.7__part-000012.parquet
win_2019-05-15T06-50-00Z__2019-05-15T07-00-00Z__ben_non_malicious__ta1-marple-3-e5-official-1.bin.17__part-000003.pt,1557903000000000000,1557903600000000000,0,8139,100000,non_malicious__ta1-marple-3-e5-official-1.bin.17__part-000003.parquet
win_2019-05-17T14-40-00Z__2019-05-17T14-50-00Z__ben_non_malicious__ta1-marple-3-e5-official-1.bin.22__part-000009.pt,1558104000000000000,1558104600000000000,0,10928,100000,non_malicious__ta1-marple-3-e5-official-1.bin.22__part-000009.parquet
win_2019-05-12T10-00-00Z__2019-05-12T10-10-00Z__ben_non_malicious__ta1-marple-1-e5-official-1.bin.9__part-000009.pt,1557655200000000000,1557655800000000000,0,10573,67464,non_malicious__ta1-marple-1-e5-official-1.bin.9__part-000009.parquet
win_2019-05-14T15-30-00Z__2019-05-14T15-40-00Z__ben_non_malicious__ta1-marple-2-e5-official-1.bin.11__part-000008.pt,1557847800000000000,1557848400000000000,0,9266,99648,non_malicious__ta1-marple-2-e5-official-1.bin.11__part-000008.parquet
win_2019-05-09T18-00-00Z__2019-05-09T18-10-00Z__ben_non_malicious__ta1-marple-1-e5-official-1.bin.4__part-000004.pt,1557424800000000000,1557425400000000000,0,2272,50951,non_malicious__ta1-marple-1-e5-official-1.bin.4__part-000004.parquet
win_2019-05-14T19-30-00Z__2019-05-14T19-40-00Z__ben_non_malicious__ta1-marple-1-e5-official-1.bin.14__part-000007.pt,1557862200000000000,1557862800000000000,0,11746,100000,non_malicious__ta1-marple-1-e5-official-1.bin.14__part-000007.parquet
win_2019-05-09T14-10-00Z__2019-05-09T14-20-00Z__ben_non_malicious__ta1-marple-1-e5-official-1.bin.3__part-000007.pt,1557411000000000000,1557411600000000000,0,9456,100000,non_malicious__ta1-marple-1-e5-official-1.bin.3__part-000007.parquet
win_2019-05-10T00-50-00Z__2019-05-10T01-00-00Z__ben_non_malicious__ta1-marple-1-e5-official-1.bin.4__part-000011.pt,1557449400000000000,1557450000000000000,0,6400,48193,non_malicious__ta1-marple-1-e5-official-1.bin.4__part-000011.parquet
win_2019-05-08T03-50-00Z__2019-05-08T04-00-00Z__ben_non_malicious__ta1-marple-3-e5-official-1.bin.2__part-000010.pt,1557287400000000000,1557288000000000000,0,3616,100000,non_malicious__ta1-marple-3-e5-official-1.bin.2__part-000010.parquet
win_2019-05-13T14-20-00Z__2019-05-13T14-30-00Z__ben_non_malicious__ta1-marple-1-e5-official-1.bin.11__part-000011.pt,1557757200000000000,1557757800000000000,0,4829,27578,non_malicious__ta1-marple-1-e5-official-1.bin.11__part-000011.parquet
win_2019-05-09T02-30-00Z__2019-05-09T02-40-00Z__ben_non_malicious__ta1-marple-2-e5-official-1.bin.1__part-000009.pt,1557369000000000000,1557369600000000000,0,3549,31352,non_malicious__ta1-marple-2-e5-official-1.bin.1__part-000009.parquet
win_2019-05-08T23-20-00Z__2019-05-08T23-30-00Z__ben_non_malicious__ta1-marple-3-e5-official-1.bin.4__part-000008.pt,1557357600000000000,1557358200000000000,0,2043,46063,non_malicious__ta1-marple-3-e5-official-1.bin.4__part-000008.parquet
win_2019-05-10T01-20-00Z__2019-05-10T01-30-00Z__ben_non_malicious__ta1-marple-3-e5-official-1.bin.9__part-000005.pt,1557451200000000000,1557451800000000000,0,1644,18733,non_malicious__ta1-marple-3-e5-official-1.bin.9__part-000005.parquet
win_2019-05-08T02-00-00Z__2019-05-08T02-10-00Z__ben_non_malicious__ta1-marple-3-e5-official-1.bin.1__part-000012.pt,1557280800000000000,1557281400000000000,0,1911,100000,non_malicious__ta1-marple-3-e5-official-1.bin.1__part-000012.parquet
win_2019-05-10T06-30-00Z__2019-05-10T06-40-00Z__ben_non_malicious__ta1-marple-2-e5-official-1.bin.3__part-000009.pt,1557469800000000000,1557470400000000000,0,2999,37611,non_malicious__ta1-marple-2-e5-official-1.bin.3__part-000009.parquet
win_2019-05-14T01-10-00Z__2019-05-14T01-20-00Z__ben_non_malicious__ta1-marple-2-e5-official-1.bin.10__part-000007.pt,1557796200000000000,1557796800000000000,0,11799,100000,non_malicious__ta1-marple-2-e5-official-1.bin.10__part-000007.parquet
win_2019-05-12T22-10-00Z__2019-05-12T22-20-00Z__ben_non_malicious__ta1-marple-1-e5-official-1.bin.10__part-000009.pt,1557699000000000000,1557699600000000000,0,6724,100000,non_malicious__ta1-marple-1-e5-official-1.bin.10__part-000009.parquet
win_2019-05-12T05-30-00Z__2019-05-12T05-40-00Z__ben_non_malicious__ta1-marple-2-e5-official-1.bin.8__part-000003.pt,1557639000000000000,1557639600000000000,0,6233,100000,non_malicious__ta1-marple-2-e5-official-1.bin.8__part-000003.parquet
win_2019-05-12T12-20-00Z__2019-05-12T12-30-00Z__ben_non_malicious__ta1-marple-1-e5-official-1.bin.9__part-000011.pt,1557663600000000000,1557664200000000000,0,6149,100000,non_malicious__ta1-marple-1-e5-official-1.bin.9__part-000011.parquet
win_2019-05-09T09-00-00Z__2019-05-09T09-10-00Z__ben_non_malicious__ta1-marple-3-e5-official-1.bin.5__part-000010.pt,1557392400000000000,1557393000000000000,0,3931,100000,non_malicious__ta1-marple-3-e5-official-1.bin.5__part-000010.parquet
win_2019-05-12T15-30-00Z__2019-05-12T15-40-00Z__ben_non_malicious__ta1-marple-2-e5-official-1.bin.8__part-000012.pt,1557675000000000000,1557675600000000000,0,8750,100000,non_malicious__ta1-marple-2-e5-official-1.bin.8__part-000012.parquet
win_2019-05-17T00-00-00Z__2019-05-17T00-10-00Z__ben_non_malicious__ta1-marple-3-e5-official-1.bin.21__part-000008.pt,1558051200000000000,1558051800000000000,0,2861,33285,non_malicious__ta1-marple-3-e5-official-1.bin.21__part-000008.parquet
win_2019-05-08T03-00-00Z__2019-05-08T03-10-00Z__ben_non_malicious__ta1-marple-2-e5-official-1.bin__part-000006.pt,1557284400000000000,1557285000000000000,0,226,761,non_malicious__ta1-marple-2-e5-official-1.bin__part-000006.parquet
win_2019-05-11T08-40-00Z__2019-05-11T08-50-00Z__ben_non_malicious__ta1-marple-2-e5-official-1.bin.6__part-000002.pt,1557564000000000000,1557564600000000000,0,709,22951,non_malicious__ta1-marple-2-e5-official-1.bin.6__part-000002.parquet
win_2019-05-14T11-30-00Z__2019-05-14T11-40-00Z__ben_non_malicious__ta1-marple-3-e5-official-1.bin.15__part-000004.pt,1557833400000000000,1557834000000000000,0,4973,9015,non_malicious__ta1-marple-3-e5-official-1.bin.15__part-000004.parquet
win_2019-05-08T05-30-00Z__2019-05-08T05-40-00Z__ben_non_malicious__ta1-marple-1-e5-official-1.bin.1__part-000006.pt,1557293400000000000,1557294000000000000,0,902,5496,non_malicious__ta1-marple-1-e5-official-1.bin.1__part-000006.parquet
win_2019-05-08T19-10-00Z__2019-05-08T19-20-00Z__ben_non_malicious__ta1-marple-3-e5-official-1.bin.3__part-000013.pt,1557342600000000000,1557343200000000000,0,3787,57213,non_malicious__ta1-marple-3-e5-official-1.bin.3__part-000013.parquet
win_2019-05-16T21-40-00Z__2019-05-16T21-50-00Z__ben_non_malicious__ta1-marple-3-e5-official-1.bin.21__part-000003.pt,1558042800000000000,1558043400000000000,0,2,10,non_malicious__ta1-marple-3-e5-official-1.bin.21__part-000003.parquet
win_2019-05-12T15-40-00Z__2019-05-12T15-50-00Z__ben_non_malicious__ta1-marple-2-e5-official-1.bin.9__part-000001.pt,1557675600000000000,1557676200000000000,0,9034,100000,non_malicious__ta1-marple-2-e5-official-1.bin.9__part-000001.parquet
win_2019-05-07T23-40-00Z__2019-05-07T23-50-00Z__ben_non_malicious__ta1-marple-1-e5-official-1.bin.1__part-000001.pt,1557272400000000000,1557273000000000000,0,1152,8795,non_malicious__ta1-marple-1-e5-official-1.bin.1__part-000001.parquet
win_2019-05-14T06-30-00Z__2019-05-14T06-40-00Z__ben_non_malicious__ta1-marple-2-e5-official-1.bin.10__part-000011.pt,1557815400000000000,1557816000000000000,0,4786,75133,non_malicious__ta1-marple-2-e5-official-1.bin.10__part-000011.parquet
win_2019-05-15T10-50-00Z__2019-05-15T11-00-00Z__ben_non_malicious__ta1-marple-3-e5-official-1.bin.17__part-000007.pt,1557917400000000000,1557918000000000000,0,2336,18044,non_malicious__ta1-marple-3-e5-official-1.bin.17__part-000007.parquet
win_2019-05-11T07-30-00Z__2019-05-11T07-40-00Z__ben_non_malicious__ta1-marple-1-e5-official-1.bin.7__part-000006.pt,1557559800000000000,1557560400000000000,0,161,1271,non_malicious__ta1-marple-1-e5-official-1.bin.7__part-000006.parquet
win_2019-05-13T19-30-00Z__2019-05-13T19-40-00Z__ben_non_malicious__ta1-marple-2-e5-official-1.bin.10__part-000001.pt,1557775800000000000,1557776400000000000,0,7357,100000,non_malicious__ta1-marple-2-e5-official-1.bin.10__part-000001.parquet
win_2019-05-08T02-10-00Z__2019-05-08T02-20-00Z__ben_non_malicious__ta1-marple-3-e5-official-1.bin.1__part-000013.pt,1557281400000000000,1557282000000000000,0,1593,100000,non_malicious__ta1-marple-3-e5-official-1.bin.1__part-000013.parquet
win_2019-05-08T19-10-00Z__2019-05-08T19-20-00Z__ben_non_malicious__ta1-marple-3-e5-official-1.bin.4__part-000001.pt,1557342600000000000,1557343200000000000,0,2695,59804,non_malicious__ta1-marple-3-e5-official-1.bin.4__part-000001.parquet
win_2019-05-13T16-50-00Z__2019-05-13T17-00-00Z__ben_non_malicious__ta1-marple-3-e5-official-1.bin.13__part-000006.pt,1557766200000000000,1557766800000000000,0,2557,62740,non_malicious__ta1-marple-3-e5-official-1.bin.13__part-000006.parquet
win_2019-05-16T20-20-00Z__2019-05-16T20-30-00Z__ben_non_malicious__ta1-marple-3-e5-official-1.bin.20__part-000012.pt,1558038000000000000,1558038600000000000,0,1885,26349,non_malicious__ta1-marple-3-e5-official-1.bin.20__part-000012.parquet
win_2019-05-13T00-10-00Z__2019-05-13T00-20-00Z__ben_non_malicious__ta1-marple-1-e5-official-1.bin.10__part-000011.pt,1557706200000000000,1557706800000000000,0,3530,17836,non_malicious__ta1-marple-1-e5-official-1.bin.10__part-000011.parquet
win_2019-05-08T01-10-00Z__2019-05-08T01-20-00Z__ben_non_malicious__ta1-marple-3-e5-official-1.bin.1__part-000007.pt,1557277800000000000,1557278400000000000,0,1541,100000,non_malicious__ta1-marple-3-e5-official-1.bin.1__part-000007.parquet
win_2019-05-08T03-40-00Z__2019-05-08T03-50-00Z__ben_non_malicious__ta1-marple-3-e5-official-1.bin.2__part-000009.pt,1557286800000000000,1557287400000000000,0,1481,100000,non_malicious__ta1-marple-3-e5-official-1.bin.2__part-000009.parquet
win_2019-05-14T20-10-00Z__2019-05-14T20-20-00Z__ben_non_malicious__ta1-marple-3-e5-official-1.bin.16__part-000005.pt,1557864600000000000,1557865200000000000,0,6550,42990,non_malicious__ta1-marple-3-e5-official-1.bin.16__part-000005.parquet
win_2019-05-14T17-00-00Z__2019-05-14T17-10-00Z__ben_non_malicious__ta1-marple-1-e5-official-1.bin.14__part-000003.pt,1557853200000000000,1557853800000000000,0,10534,89860,non_malicious__ta1-marple-1-e5-official-1.bin.14__part-000003.parquet
win_2019-05-11T01-50-00Z__2019-05-11T02-00-00Z__ben_non_malicious__ta1-marple-1-e5-official-1.bin.7__part-000001.pt,1557539400000000000,1557540000000000000,0,3398,28423,non_malicious__ta1-marple-1-e5-official-1.bin.7__part-000001.parquet
win_2019-05-10T21-50-00Z__2019-05-10T22-00-00Z__ben_non_malicious__ta1-marple-3-e5-official-1.bin.10__part-000009.pt,1557525000000000000,1557525600000000000,0,4638,100000,non_malicious__ta1-marple-3-e5-official-1.bin.10__part-000009.parquet
win_2019-05-15T05-20-00Z__2019-05-15T05-30-00Z__ben_non_malicious__ta1-marple-3-e5-official-1.bin.17__part-000002.pt,1557897600000000000,1557898200000000000,0,9150,91181,non_malicious__ta1-marple-3-e5-official-1.bin.17__part-000002.parquet
win_2019-05-11T10-50-00Z__2019-05-11T11-00-00Z__ben_non_malicious__ta1-marple-1-e5-official-1.bin.7__part-000009.pt,1557571800000000000,1557572400000000000,0,2779,26603,non_malicious__ta1-marple-1-e5-official-1.bin.7__part-000009.parquet
win_2019-05-08T04-30-00Z__2019-05-08T04-40-00Z__ben_non_malicious__ta1-marple-1-e5-official-1.bin.1__part-000005.pt,1557289800000000000,1557290400000000000,0,9773,100000,non_malicious__ta1-marple-1-e5-official-1.bin.1__part-000005.parquet
win_2019-05-10T23-50-00Z__2019-05-11T00-00-00Z__ben_non_malicious__ta1-marple-3-e5-official-1.bin.11__part-000009.pt,1557532200000000000,1557532800000000000,0,1875,100000,non_malicious__ta1-marple-3-e5-official-1.bin.11__part-000009.parquet
win_2019-05-14T03-10-00Z__2019-05-14T03-20-00Z__ben_non_malicious__ta1-marple-3-e5-official-1.bin.14__part-000007.pt,1557803400000000000,1557804000000000000,0,9704,100000,non_malicious__ta1-marple-3-e5-official-1.bin.14__part-000007.parquet
win_2019-05-08T02-50-00Z__2019-05-08T03-00-00Z__ben_non_malicious__ta1-marple-3-e5-official-1.bin.2__part-000005.pt,1557283800000000000,1557284400000000000,0,1099,51572,non_malicious__ta1-marple-3-e5-official-1.bin.2__part-000005.parquet
win_2019-05-15T00-50-00Z__2019-05-15T01-00-00Z__ben_non_malicious__ta1-marple-3-e5-official-1.bin.16__part-000010.pt,1557881400000000000,1557882000000000000,0,279,5387,non_malicious__ta1-marple-3-e5-official-1.bin.16__part-000010.parquet
win_2019-05-14T10-30-00Z__2019-05-14T10-40-00Z__ben_non_malicious__ta1-marple-1-e5-official-1.bin.13__part-000007.pt,1557829800000000000,1557830400000000000,0,6983,45482,non_malicious__ta1-marple-1-e5-official-1.bin.13__part-000007.parquet
win_2019-05-17T13-50-00Z__2019-05-17T14-00-00Z__ben_non_malicious__ta1-marple-3-e5-official-1.bin.22__part-000008.pt,1558101000000000000,1558101600000000000,0,11113,100000,non_malicious__ta1-marple-3-e5-official-1.bin.22__part-000008.parquet
