graph_file,read_parse_sec,uuid_typing_sec,tensor_build_sec,save_sec,total_window_sec
win_2019-05-08T12-50-00Z__2019-05-08T13-00-00Z__mal_malicious__ta1-marple-3-e5-official-1.bin.2__part-000010.pt,2.2335,1.519,0.0041,0.0072,1.5302
win_2019-05-08T13-00-00Z__2019-05-08T13-10-00Z__mal_malicious__ta1-marple-3-e5-official-1.bin.2__part-000010.pt,0.0037,0.7402,0.0288,0.0025,0.7714
win_2019-05-09T14-00-00Z__2019-05-09T14-10-00Z__mal_malicious__ta1-marple-2-e5-official-1.bin.2__part-000003.pt,0.2964,3.3519,2.0124,0.1519,5.5162
win_2019-05-14T10-10-00Z__2019-05-14T10-20-00Z__mal_malicious__ta1-marple-3-e5-official-1.bin.15__part-000002.pt,0.3523,3.0774,0.259,0.3837,3.7201
win_2019-05-14T10-20-00Z__2019-05-14T10-30-00Z__mal_malicious__ta1-marple-3-e5-official-1.bin.15__part-000002.pt,0.362,4.0648,1.6872,0.0933,5.8453
win_2019-05-08T14-30-00Z__2019-05-08T14-40-00Z__mal_malicious__ta1-marple-2-e5-official-1.bin__part-000010.pt,4.2893,0.6702,0.0804,0.0025,0.7531
win_2019-05-08T14-40-00Z__2019-05-08T14-50-00Z__mal_malicious__ta1-marple-2-e5-official-1.bin__part-000010.pt,0.0003,0.6719,0.0018,0.0022,0.6758
win_2019-05-09T15-50-00Z__2019-05-09T16-00-00Z__mal_malicious__ta1-marple-3-e5-official-1.bin.7__part-000006.pt,1.5795,5.0335,3.4859,0.3118,8.8311
win_2019-05-15T15-30-00Z__2019-05-15T15-40-00Z__mal_malicious__ta1-marple-2-e5-official-1.bin.13__part-000002.pt,2.7656,4.8067,0.0959,0.0072,4.9098
win_2019-05-15T15-40-00Z__2019-05-15T15-50-00Z__mal_malicious__ta1-marple-2-e5-official-1.bin.13__part-000002.pt,0.3743,3.0213,2.8909,0.2653,6.1775
win_2019-05-09T15-40-00Z__2019-05-09T15-50-00Z__mal_malicious__ta1-marple-1-e5-official-1.bin.3__part-000011.pt,1.7925,5.0115,3.8103,0.2189,9.0407
win_2019-05-09T15-50-00Z__2019-05-09T16-00-00Z__mal_malicious__ta1-marple-1-e5-official-1.bin.3__part-000011.pt,0.2187,2.7436,3.4031,0.1496,6.2963
win_2019-05-09T13-50-00Z__2019-05-09T14-00-00Z__mal_malicious__ta1-marple-1-e5-official-1.bin.3__part-000006.pt,2.9775,2.8754,2.9272,0.121,5.9236
win_2019-05-09T14-00-00Z__2019-05-09T14-10-00Z__mal_malicious__ta1-marple-1-e5-official-1.bin.3__part-000006.pt,0.7823,3.9532,0.9757,0.0314,4.9603
win_2019-05-15T13-10-00Z__2019-05-15T13-20-00Z__mal_malicious__ta1-marple-3-e5-official-1.bin.17__part-000010.pt,4.2587,4.3941,3.0406,0.1511,7.5857
win_2019-05-15T13-20-00Z__2019-05-15T13-30-00Z__mal_malicious__ta1-marple-3-e5-official-1.bin.17__part-000010.pt,0.201,4.1495,4.6627,0.1067,8.9189
win_2019-05-17T11-50-00Z__2019-05-17T12-00-00Z__mal_malicious__ta1-marple-3-e5-official-1.bin.22__part-000006.pt,1.7851,3.8022,1.4555,0.1051,5.3628
win_2019-05-15T14-30-00Z__2019-05-15T14-40-00Z__mal_malicious__ta1-marple-2-e5-official-1.bin.13__part-000001.pt,3.471,4.7359,2.4569,0.0812,7.2741
win_2019-05-15T14-40-00Z__2019-05-15T14-50-00Z__mal_malicious__ta1-marple-2-e5-official-1.bin.13__part-000001.pt,0.1103,4.809,1.228,0.0912,6.1282
win_2019-05-17T10-10-00Z__2019-05-17T10-20-00Z__mal_malicious__ta1-marple-3-e5-official-1.bin.22__part-000005.pt,0.9022,2.7421,1.056,0.0125,3.8106
win_2019-05-17T10-20-00Z__2019-05-17T10-30-00Z__mal_malicious__ta1-marple-3-e5-official-1.bin.22__part-000005.pt,0.1024,4.9932,0.1088,0.0033,5.1053
win_2019-05-10T14-40-00Z__2019-05-10T14-50-00Z__mal_malicious__ta1-marple-2-e5-official-1.bin.4__part-000005.pt,2.3678,4.7164,2.1816,0.0454,6.9435
win_2019-05-10T14-50-00Z__2019-05-10T15-00-00Z__mal_malicious__ta1-marple-2-e5-official-1.bin.4__part-000005.pt,0.2319,3.3642,5.1662,0.0575,8.588
win_2019-05-08T15-40-00Z__2019-05-08T15-50-00Z__mal_malicious__ta1-marple-2-e5-official-1.bin__part-000011.pt,2.735,4.9961,3.006,0.0981,8.1002
win_2019-05-08T15-50-00Z__2019-05-08T16-00-00Z__mal_malicious__ta1-marple-2-e5-official-1.bin__part-000011.pt,0.2175,5.1904,2.701,0.0423,7.9337
win_2019-05-14T13-30-00Z__2019-05-14T13-40-00Z__mal_malicious__ta1-marple-1-e5-official-1.bin.13__part-000009.pt,1.0522,4.9645,0.296,0.0065,5.267
win_2019-05-14T13-40-00Z__2019-05-14T13-50-00Z__mal_malicious__ta1-marple-1-e5-official-1.bin.13__part-000009.pt,0.0603,3.5626,1.3362,0.0122,4.911
win_2019-05-08T15-50-00Z__2019-05-08T16-00-00Z__mal_malicious__ta1-marple-3-e5-official-1.bin.3__part-000001.pt,5.0584,3.2338,4.4325,0.0609,7.7273
win_2019-05-14T10-10-00Z__2019-05-14T10-20-00Z__mal_malicious__ta1-marple-2-e5-official-1.bin.11__part-000002.pt,2.5075,4.2861,0.7408,0.0617,5.0886
win_2019-05-14T10-20-00Z__2019-05-14T10-30-00Z__mal_malicious__ta1-marple-2-e5-official-1.bin.11__part-000002.pt,0.1843,4.5694,1.9533,0.0838,6.6064
win_2019-05-09T13-20-00Z__2019-05-09T13-30-00Z__mal_malicious__ta1-marple-3-e5-official-1.bin.6__part-000006.pt,1.4931,4.3967,3.1855,0.0396,7.6218
win_2019-05-08T12-50-00Z__2019-05-08T13-00-00Z__mal_malicious__ta1-marple-2-e5-official-1.bin__part-000009.pt,1.3618,3.8724,0.0668,0.0044,3.9436
win_2019-05-08T13-00-00Z__2019-05-08T13-10-00Z__mal_malicious__ta1-marple-2-e5-official-1.bin__part-000009.pt,0.1344,3.5223,2.3936,0.0772,5.9931
win_2019-05-17T16-10-00Z__2019-05-17T16-20-00Z__mal_malicious__ta1-marple-3-e5-official-1.bin.22__part-000011.pt,2.4169,4.258,0.5604,0.008,4.8264
win_2019-05-17T16-20-00Z__2019-05-17T16-30-00Z__mal_malicious__ta1-marple-3-e5-official-1.bin.22__part-000011.pt,0.2686,3.398,3.7019,0.2179,7.3178
win_2019-05-09T15-30-00Z__2019-05-09T15-40-00Z__mal_malicious__ta1-marple-1-e5-official-1.bin.3__part-000010.pt,4.1341,3.2222,4.5461,0.1309,7.8992
win_2019-05-09T15-40-00Z__2019-05-09T15-50-00Z__mal_malicious__ta1-marple-1-e5-official-1.bin.3__part-000010.pt,0.0294,3.2296,0.4526,0.0105,3.6928
win_2019-05-10T15-00-00Z__2019-05-10T15-10-00Z__mal_malicious__ta1-marple-1-e5-official-1.bin.6__part-000001.pt,1.7681,3.4896,1.8702,0.023,5.3827
win_2019-05-10T15-10-00Z__2019-05-10T15-20-00Z__mal_malicious__ta1-marple-1-e5-official-1.bin.6__part-000001.pt,0.2015,3.9852,1.1237,0.0173,5.1263
win_2019-05-15T15-30-00Z__2019-05-15T15-40-00Z__mal_malicious__ta1-marple-3-e5-official-1.bin.18__part-000004.pt,4.1029,3.0937,0.6433,0.1551,3.8922
win_2019-05-15T15-40-00Z__2019-05-15T15-50-00Z__mal_malicious__ta1-marple-3-e5-official-1.bin.18__part-000004.pt,0.4623,4.1644,4.4046,0.074,8.6431
win_2019-05-09T13-20-00Z__2019-05-09T13-30-00Z__mal_malicious__ta1-marple-3-e5-official-1.bin.6__part-000007.pt,4.0221,3.642,2.8809,0.1025,6.6253
win_2019-05-09T13-30-00Z__2019-05-09T13-40-00Z__mal_malicious__ta1-marple-3-e5-official-1.bin.6__part-000007.pt,1.0686,4.3033,3.4987,0.0944,7.8963
win_2019-05-15T14-40-00Z__2019-05-15T14-50-00Z__mal_malicious__ta1-marple-3-e5-official-1.bin.18__part-000002.pt,4.5907,3.1941,1.8105,0.0187,5.0233
win_2019-05-15T14-50-00Z__2019-05-15T15-00-00Z__mal_malicious__ta1-marple-3-e5-official-1.bin.18__part-000002.pt,0.878,3.3546,4.3393,0.2582,7.9522
win_2019-05-10T14-20-00Z__2019-05-10T14-30-00Z__mal_malicious__ta1-marple-2-e5-official-1.bin.4__part-000004.pt,0.2063,3.3029,0.4473,0.0082,3.7584
win_2019-05-14T10-10-00Z__2019-05-14T10-20-00Z__mal_malicious__ta1-marple-1-e5-official-1.bin.13__part-000006.pt,2.4152,4.0835,1.2369,0.0179,5.3383
win_2019-05-14T10-20-00Z__2019-05-14T10-30-00Z__mal_malicious__ta1-marple-1-e5-official-1.bin.13__part-000006.pt,0.2402,3.3825,1.8488,0.0764,5.3076
win_2019-05-13T04-30-00Z__2019-05-13T04-40-00Z__mal_malicious__ta1-marple-1-e5-official-1.bin.11__part-000003.pt,0.1319,3.3486,0.3512,0.0122,3.712
win_2019-05-15T13-10-00Z__2019-05-15T13-20-00Z__mal_malicious__ta1-marple-2-e5-official-1.bin.12__part-000011.pt,5.7886,3.3635,3.6381,0.0922,7.0937
win_2019-05-15T13-20-00Z__2019-05-15T13-30-00Z__mal_malicious__ta1-marple-2-e5-official-1.bin.12__part-000011.pt,0.7491,3.4719,5.1447,0.0663,8.6829
win_2019-05-09T14-00-00Z__2019-05-09T14-10-00Z__mal_malicious__ta1-marple-3-e5-official-1.bin.6__part-000010.pt,2.4429,4.3313,3.1365,0.0775,7.5453
win_2019-05-09T13-20-00Z__2019-05-09T13-30-00Z__mal_malicious__ta1-marple-1-e5-official-1.bin.3__part-000005.pt,4.078,3.2962,2.0142,0.0944,5.4048
win_2019-05-09T13-30-00Z__2019-05-09T13-40-00Z__mal_malicious__ta1-marple-1-e5-official-1.bin.3__part-000005.pt,0.4573,4.6333,3.2709,0.1114,8.0156
win_2019-05-09T15-30-00Z__2019-05-09T15-40-00Z__mal_malicious__ta1-marple-2-e5-official-1.bin.2__part-000005.pt,5.4042,3.3878,4.3563,0.1577,7.9018
win_2019-05-09T15-40-00Z__2019-05-09T15-50-00Z__mal_malicious__ta1-marple-2-e5-official-1.bin.2__part-000005.pt,0.6162,4.3059,3.2118,0.0753,7.5931
win_2019-05-10T13-40-00Z__2019-05-10T13-50-00Z__mal_malicious__ta1-marple-3-e5-official-1.bin.9__part-000010.pt,3.3713,4.127,3.3306,0.1234,7.581
win_2019-05-16T14-20-00Z__2019-05-16T14-30-00Z__mal_malicious__ta1-marple-3-e5-official-1.bin.20__part-000004.pt,0.2965,3.1783,0.408,0.0127,3.599
win_2019-05-09T14-30-00Z__2019-05-09T14-40-00Z__mal_malicious__ta1-marple-2-e5-official-1.bin.2__part-000004.pt,3.1353,4.0375,3.2154,0.0308,7.2837
win_2019-05-09T14-40-00Z__2019-05-09T14-50-00Z__mal_malicious__ta1-marple-2-e5-official-1.bin.2__part-000004.pt,0.1489,3.2017,1.5979,0.1677,4.9672
win_2019-05-10T13-40-00Z__2019-05-10T13-50-00Z__mal_malicious__ta1-marple-2-e5-official-1.bin.4__part-000003.pt,1.053,4.5585,3.4241,0.0958,8.0784
win_2019-05-17T12-40-00Z__2019-05-17T12-50-00Z__mal_malicious__ta1-marple-3-e5-official-1.bin.22__part-000007.pt,4.5455,3.1516,0.4655,0.0157,3.6328
win_2019-05-17T12-50-00Z__2019-05-17T13-00-00Z__mal_malicious__ta1-marple-3-e5-official-1.bin.22__part-000007.pt,0.1359,4.1047,4.5918,0.1221,8.8186
win_2019-05-08T15-50-00Z__2019-05-08T16-00-00Z__mal_malicious__ta1-marple-2-e5-official-1.bin.1__part-000001.pt,2.5626,5.1035,3.3117,0.1616,8.5769
win_2019-05-17T15-30-00Z__2019-05-17T15-40-00Z__mal_malicious__ta1-marple-3-e5-official-1.bin.22__part-000010.pt,3.6371,3.6118,0.9274,0.0133,4.5525
win_2019-05-17T15-40-00Z__2019-05-17T15-50-00Z__mal_malicious__ta1-marple-3-e5-official-1.bin.22__part-000010.pt,0.0622,2.6708,0.1769,0.0047,2.8524
win_2019-05-13T04-30-00Z__2019-05-13T04-40-00Z__mal_malicious__ta1-marple-3-e5-official-1.bin.12__part-000007.pt,0.0587,0.5147,0.06,0.0138,0.5885
win_2019-05-08T15-10-00Z__2019-05-08T15-20-00Z__mal_malicious__ta1-marple-3-e5-official-1.bin.2__part-000011.pt,2.1944,4.8138,0.3515,0.0062,5.1716
win_2019-05-08T15-20-00Z__2019-05-08T15-30-00Z__mal_malicious__ta1-marple-3-e5-official-1.bin.2__part-000011.pt,0.3889,3.1661,2.1542,0.06,5.3803
win_2019-05-09T15-30-00Z__2019-05-09T15-40-00Z__mal_malicious__ta1-marple-3-e5-official-1.bin.7__part-000004.pt,3.3422,4.294,3.5902,0.0618,7.946
win_2019-05-09T15-40-00Z__2019-05-09T15-50-00Z__mal_malicious__ta1-marple-3-e5-official-1.bin.7__part-000004.pt,0.2901,2.5309,5.0623,0.0667,7.6599
win_2019-05-08T15-40-00Z__2019-05-08T15-50-00Z__mal_malicious__ta1-marple-3-e5-official-1.bin.2__part-000013.pt,6.0157,3.0796,2.4,0.0959,5.5756
win_2019-05-08T15-50-00Z__2019-05-08T16-00-00Z__mal_malicious__ta1-marple-3-e5-official-1.bin.2__part-000013.pt,0.2084,4.4901,2.6616,0.1384,7.2901
win_2019-05-15T15-00-00Z__2019-05-15T15-10-00Z__mal_malicious__ta1-marple-3-e5-official-1.bin.18__part-000003.pt,2.1262,3.9647,3.1335,0.1143,7.2125
win_2019-05-17T09-00-00Z__2019-05-17T09-10-00Z__mal_malicious__ta1-marple-3-e5-official-1.bin.22__part-000004.pt,3.2676,4.3948,0.611,0.0208,5.0266
win_2019-05-17T09-10-00Z__2019-05-17T09-20-00Z__mal_malicious__ta1-marple-3-e5-official-1.bin.22__part-000004.pt,0.1087,3.7928,2.2339,0.0725,6.0992
win_2019-05-14T16-00-00Z__2019-05-14T16-10-00Z__mal_malicious__ta1-marple-1-e5-official-1.bin.14__part-000002.pt,0.71,3.7574,0.8081,0.0119,4.5773
win_2019-05-14T16-40-00Z__2019-05-14T16-50-00Z__mal_malicious__ta1-marple-1-e5-official-1.bin.14__part-000002.pt,0.0052,3.5402,0.0281,0.063,3.6314
win_2019-05-10T14-50-00Z__2019-05-10T15-00-00Z__mal_malicious__ta1-marple-2-e5-official-1.bin.4__part-000006.pt,3.7904,4.6745,1.2157,0.0435,5.9337
win_2019-05-10T15-00-00Z__2019-05-10T15-10-00Z__mal_malicious__ta1-marple-2-e5-official-1.bin.4__part-000006.pt,0.6127,3.705,4.4258,0.1265,8.2572
win_2019-05-10T10-20-00Z__2019-05-10T10-30-00Z__mal_malicious__ta1-marple-2-e5-official-1.bin.3__part-000011.pt,5.618,3.1754,1.2708,0.0137,4.4599
win_2019-05-10T10-30-00Z__2019-05-10T10-40-00Z__mal_malicious__ta1-marple-2-e5-official-1.bin.3__part-000011.pt,0.383,3.5743,2.6581,0.1199,6.3523
win_2019-05-09T13-30-00Z__2019-05-09T13-40-00Z__mal_malicious__ta1-marple-3-e5-official-1.bin.6__part-000008.pt,3.192,4.1849,5.399,0.1182,9.702
win_2019-05-09T13-40-00Z__2019-05-09T13-50-00Z__mal_malicious__ta1-marple-3-e5-official-1.bin.6__part-000008.pt,0.5919,3.6543,3.4158,0.0983,7.1683
win_2019-05-14T13-30-00Z__2019-05-14T13-40-00Z__mal_malicious__ta1-marple-2-e5-official-1.bin.11__part-000005.pt,0.4996,3.1726,0.3539,0.0556,3.5821
win_2019-05-14T13-40-00Z__2019-05-14T13-50-00Z__mal_malicious__ta1-marple-2-e5-official-1.bin.11__part-000005.pt,0.0971,4.9981,1.4095,0.017,6.4246
win_2019-05-16T14-30-00Z__2019-05-16T14-40-00Z__mal_malicious__ta1-marple-3-e5-official-1.bin.20__part-000005.pt,0.2348,3.7991,0.1751,0.0035,3.9777
win_2019-05-16T14-40-00Z__2019-05-16T14-50-00Z__mal_malicious__ta1-marple-3-e5-official-1.bin.20__part-000005.pt,0.0113,4.5338,0.1374,0.0069,4.6781
win_2019-05-09T14-30-00Z__2019-05-09T14-40-00Z__mal_malicious__ta1-marple-3-e5-official-1.bin.6__part-000012.pt,4.8715,3.0582,3.281,0.0727,6.4119
win_2019-05-09T14-40-00Z__2019-05-09T14-50-00Z__mal_malicious__ta1-marple-3-e5-official-1.bin.6__part-000012.pt,0.8513,5.0128,3.2241,0.0644,8.3013
win_2019-05-15T14-30-00Z__2019-05-15T14-40-00Z__mal_malicious__ta1-marple-3-e5-official-1.bin.18__part-000001.pt,4.4692,3.0744,4.3906,0.1653,7.6303
win_2019-05-15T14-40-00Z__2019-05-15T14-50-00Z__mal_malicious__ta1-marple-3-e5-official-1.bin.18__part-000001.pt,0.903,4.3377,5.2739,0.2214,9.8329
win_2019-05-09T14-30-00Z__2019-05-09T14-40-00Z__mal_malicious__ta1-marple-3-e5-official-1.bin.6__part-000013.pt,0.0694,3.2418,0.0173,0.0026,3.2617
win_2019-05-09T14-40-00Z__2019-05-09T14-50-00Z__mal_malicious__ta1-marple-3-e5-official-1.bin.6__part-000013.pt,0.0829,4.5874,0.238,0.0042,4.8296
win_2019-05-09T14-30-00Z__2019-05-09T14-40-00Z__mal_malicious__ta1-marple-1-e5-official-1.bin.3__part-000008.pt,4.1073,3.6809,5.5509,0.1102,9.342
win_2019-05-09T14-40-00Z__2019-05-09T14-50-00Z__mal_malicious__ta1-marple-1-e5-official-1.bin.3__part-000008.pt,0.4031,3.6254,5.6535,0.1007,9.3795
win_2019-05-09T15-40-00Z__2019-05-09T15-50-00Z__mal_malicious__ta1-marple-3-e5-official-1.bin.7__part-000005.pt,3.6737,4.6542,4.1692,0.119,8.9424
win_2019-05-09T15-50-00Z__2019-05-09T16-00-00Z__mal_malicious__ta1-marple-3-e5-official-1.bin.7__part-000005.pt,0.7205,4.5713,4.7327,0.152,9.456
win_2019-05-10T14-20-00Z__2019-05-10T14-30-00Z__mal_malicious__ta1-marple-3-e5-official-1.bin.9__part-000011.pt,1.0815,4.7298,0.1228,0.0037,4.8562
win_2019-05-10T14-40-00Z__2019-05-10T14-50-00Z__mal_malicious__ta1-marple-3-e5-official-1.bin.9__part-000011.pt,0.0126,3.4108,0.3017,0.0077,3.7202
win_2019-05-14T15-40-00Z__2019-05-14T15-50-00Z__ben_non_malicious__ta1-marple-1-e5-official-1.bin.13__part-000012.pt,2.2969,3.5598,2.9144,0.0914,6.5656
win_2019-05-17T12-30-00Z__2019-05-17T12-40-00Z__ben_non_malicious__ta1-marple-3-e5-official-1.bin.22__part-000007.pt,4.2128,3.5846,2.0528,0.0437,5.6812
win_2019-05-14T22-10-00Z__2019-05-14T22-20-00Z__ben_non_malicious__ta1-marple-3-e5-official-1.bin.16__part-000007.pt,4.5266,3.4722,1.3273,0.0391,4.8385
win_2019-05-13T19-00-00Z__2019-05-13T19-10-00Z__ben_non_malicious__ta1-marple-3-e5-official-1.bin.13__part-000011.pt,4.5011,3.2633,2.0411,0.1555,5.4599
win_2019-05-13T19-20-00Z__2019-05-13T19-30-00Z__ben_non_malicious__ta1-marple-2-e5-official-1.bin.9__part-000012.pt,4.3718,2.7852,2.279,0.0778,5.142
win_2019-05-12T02-00-00Z__2019-05-12T02-10-00Z__ben_non_malicious__ta1-marple-1-e5-official-1.bin.9__part-000001.pt,3.399,2.3487,0.7576,0.0127,3.1191
win_2019-05-09T05-40-00Z__2019-05-09T05-50-00Z__ben_non_malicious__ta1-marple-2-e5-official-1.bin.1__part-000010.pt,2.6123,3.1827,0.2458,0.0136,3.442
win_2019-05-11T11-10-00Z__2019-05-11T11-20-00Z__ben_non_malicious__ta1-marple-2-e5-official-1.bin.6__part-000004.pt,3.0723,3.3277,0.3891,0.0111,3.728
win_2019-05-10T01-10-00Z__2019-05-10T01-20-00Z__ben_non_malicious__ta1-marple-2-e5-official-1.bin.3__part-000005.pt,2.7078,3.3741,2.6666,0.1627,6.2035
win_2019-05-08T03-20-00Z__2019-05-08T03-30-00Z__ben_non_malicious__ta1-marple-1-e5-official-1.bin.1__part-000004.pt,3.3496,3.2186,0.2109,0.0057,3.4352
win_2019-05-12T15-00-00Z__2019-05-12T15-10-00Z__ben_non_malicious__ta1-marple-2-e5-official-1.bin.8__part-000011.pt,4.2396,3.3268,3.4116,0.0987,6.8371
win_2019-05-15T17-50-00Z__2019-05-15T18-00-00Z__ben_non_malicious__ta1-marple-2-e5-official-1.bin.13__part-000004.pt,4.0422,3.3233,1.266,0.0724,4.6617
win_2019-05-10T23-30-00Z__2019-05-10T23-40-00Z__ben_non_malicious__ta1-marple-3-e5-official-1.bin.11__part-000006.pt,4.2497,3.3718,2.8755,0.0452,6.2925
win_2019-05-12T17-00-00Z__2019-05-12T17-10-00Z__ben_non_malicious__ta1-marple-1-e5-official-1.bin.10__part-000004.pt,4.1963,2.8836,1.3761,0.0866,4.3463
win_2019-05-15T00-40-00Z__2019-05-15T00-50-00Z__ben_non_malicious__ta1-marple-1-e5-official-1.bin.15__part-000003.pt,4.0963,2.9134,2.8047,0.0662,5.7843
win_2019-05-11T03-10-00Z__2019-05-11T03-20-00Z__ben_non_malicious__ta1-marple-1-e5-official-1.bin.7__part-000002.pt,4.193,3.0189,1.8379,0.1269,4.9837
win_2019-05-11T03-40-00Z__2019-05-11T03-50-00Z__ben_non_malicious__ta1-marple-2-e5-official-1.bin.5__part-000010.pt,3.7049,3.89,0.7507,0.0136,4.6543
win_2019-05-15T07-40-00Z__2019-05-15T07-50-00Z__ben_non_malicious__ta1-marple-1-e5-official-1.bin.15__part-000007.pt,3.9925,3.0587,4.7479,0.1806,7.9872
win_2019-05-15T12-50-00Z__2019-05-15T13-00-00Z__ben_non_malicious__ta1-marple-2-e5-official-1.bin.12__part-000011.pt,3.8549,3.9345,1.5587,0.0427,5.5358
win_2019-05-09T13-10-00Z__2019-05-09T13-20-00Z__ben_non_malicious__ta1-marple-3-e5-official-1.bin.6__part-000006.pt,3.232,3.8515,2.8679,0.1532,6.8725
win_2019-05-09T19-10-00Z__2019-05-09T19-20-00Z__ben_non_malicious__ta1-marple-3-e5-official-1.bin.8__part-000007.pt,3.5787,3.586,3.0031,0.0782,6.6674
win_2019-05-16T12-00-00Z__2019-05-16T12-10-00Z__ben_non_malicious__ta1-marple-3-e5-official-1.bin.20__part-000003.pt,4.0422,2.6699,2.0624,0.0951,4.8275
win_2019-05-10T19-00-00Z__2019-05-10T19-10-00Z__ben_non_malicious__ta1-marple-2-e5-official-1.bin.4__part-000011.pt,4.5307,2.8571,3.2906,0.1091,6.2568
win_2019-05-12T02-40-00Z__2019-05-12T02-50-00Z__ben_non_malicious__ta1-marple-2-e5-official-1.bin.7__part-000012.pt,2.796,3.1933,2.528,0.1073,5.8287
win_2019-05-09T17-40-00Z__2019-05-09T17-50-00Z__ben_non_malicious__ta1-marple-3-e5-official-1.bin.8__part-000001.pt,3.4043,3.1295,2.7234,0.1366,5.9895
win_2019-05-17T17-20-00Z__2019-05-17T17-30-00Z__ben_non_malicious__ta1-marple-3-e5-official-1.bin.22__part-000012.pt,3.2567,2.9843,2.8439,0.0976,5.9258
win_2019-05-08T00-40-00Z__2019-05-08T00-50-00Z__ben_non_malicious__ta1-marple-3-e5-official-1.bin.1__part-000004.pt,3.9372,2.8981,2.6994,0.0614,5.6589
win_2019-05-07T19-00-00Z__2019-05-07T19-10-00Z__ben_non_malicious__ta1-marple-1-e5-official-1.bin__part-000006.pt,3.7124,3.0211,3.0177,0.2279,6.2667
win_2019-05-08T00-20-00Z__2019-05-08T00-30-00Z__ben_non_malicious__ta1-marple-3-e5-official-1.bin.1__part-000003.pt,3.1195,2.8182,3.2424,0.0558,6.1164
win_2019-05-14T21-10-00Z__2019-05-14T21-20-00Z__ben_non_malicious__ta1-marple-3-e5-official-1.bin.16__part-000006.pt,2.5046,3.2698,0.0724,0.0029,3.3451
win_2019-05-09T04-10-00Z__2019-05-09T04-20-00Z__ben_non_malicious__ta1-marple-3-e5-official-1.bin.5__part-000003.pt,3.4319,2.3111,3.5762,0.0413,5.9286
win_2019-05-16T15-50-00Z__2019-05-16T16-00-00Z__ben_non_malicious__ta1-marple-3-e5-official-1.bin.20__part-000007.pt,3.5459,3.3214,1.3417,0.0393,4.7025
win_2019-05-09T15-10-00Z__2019-05-09T15-20-00Z__ben_non_malicious__ta1-marple-3-e5-official-1.bin.7__part-000003.pt,3.1802,3.0975,2.7343,0.1174,5.9492
win_2019-05-14T21-20-00Z__2019-05-14T21-30-00Z__ben_non_malicious__ta1-marple-1-e5-official-1.bin.14__part-000009.pt,2.5024,3.7657,0.0748,0.0044,3.845
win_2019-05-11T19-20-00Z__2019-05-11T19-30-00Z__ben_non_malicious__ta1-marple-2-e5-official-1.bin.7__part-000003.pt,3.6783,3.3521,3.4851,0.0804,6.9176
win_2019-05-09T20-30-00Z__2019-05-09T20-40-00Z__ben_non_malicious__ta1-marple-1-e5-official-1.bin.4__part-000007.pt,3.3602,3.2875,0.6363,0.0144,3.9382
win_2019-05-12T00-00-00Z__2019-05-12T00-10-00Z__ben_non_malicious__ta1-marple-1-e5-official-1.bin.8__part-000010.pt,3.2672,3.6998,3.5109,0.2193,7.43
win_2019-05-11T12-40-00Z__2019-05-11T12-50-00Z__ben_non_malicious__ta1-marple-2-e5-official-1.bin.6__part-000005.pt,3.4172,3.3872,2.7539,0.0857,6.2268
win_2019-05-13T15-10-00Z__2019-05-13T15-20-00Z__ben_non_malicious__ta1-marple-1-e5-official-1.bin.11__part-000012.pt,2.7011,2.8303,0.2595,0.0069,3.0967
win_2019-05-07T20-40-00Z__2019-05-07T20-50-00Z__ben_non_malicious__ta1-marple-3-e5-official-1.bin__part-000005.pt,4.8723,2.5664,2.9976,0.0817,5.6456
win_2019-05-12T09-50-00Z__2019-05-12T10-00-00Z__ben_non_malicious__ta1-marple-2-e5-official-1.bin.8__part-000006.pt,4.7162,3.0302,2.6576,0.161,5.8489
win_2019-05-09T16-30-00Z__2019-05-09T16-40-00Z__ben_non_malicious__ta1-marple-1-e5-official-1.bin.3__part-000012.pt,2.3134,2.586,1.2022,0.0178,3.806
win_2019-05-14T01-20-00Z__2019-05-14T01-30-00Z__ben_non_malicious__ta1-marple-1-e5-official-1.bin.13__part-000001.pt,3.3736,2.8897,2.4082,0.0161,5.314
win_2019-05-12T06-30-00Z__2019-05-12T06-40-00Z__ben_non_malicious__ta1-marple-2-e5-official-1.bin.8__part-000004.pt,3.1068,3.1374,1.9709,0.0688,5.177
win_2019-05-13T16-10-00Z__2019-05-13T16-20-00Z__ben_non_malicious__ta1-marple-3-e5-official-1.bin.13__part-000003.pt,3.7754,2.8995,1.0427,0.0126,3.9549
win_2019-05-13T21-40-00Z__2019-05-13T21-50-00Z__ben_non_malicious__ta1-marple-1-e5-official-1.bin.12__part-000008.pt,4.2186,3.3965,3.1201,0.1012,6.6178
win_2019-05-15T09-40-00Z__2019-05-15T09-50-00Z__ben_non_malicious__ta1-marple-2-e5-official-1.bin.12__part-000009.pt,3.7884,2.9917,2.5062,0.1423,5.6401
win_2019-05-13T07-30-00Z__2019-05-13T07-40-00Z__ben_non_malicious__ta1-marple-1-e5-official-1.bin.11__part-000006.pt,4.0521,2.9076,2.8959,0.1725,5.976
win_2019-05-10T18-20-00Z__2019-05-10T18-30-00Z__ben_non_malicious__ta1-marple-3-e5-official-1.bin.10__part-000001.pt,4.1593,3.1828,4.4175,0.193,7.7933
win_2019-05-12T16-00-00Z__2019-05-12T16-10-00Z__ben_non_malicious__ta1-marple-1-e5-official-1.bin.10__part-000003.pt,2.9496,3.2403,0.5633,0.0306,3.8342
win_2019-05-16T19-30-00Z__2019-05-16T19-40-00Z__ben_non_malicious__ta1-marple-3-e5-official-1.bin.20__part-000011.pt,3.7614,2.913,3.2944,0.0665,6.2739
win_2019-05-09T09-00-00Z__2019-05-09T09-10-00Z__ben_non_malicious__ta1-marple-2-e5-official-1.bin.1__part-000011.pt,3.3251,3.1089,0.6421,0.0129,3.7639
win_2019-05-07T18-40-00Z__2019-05-07T18-50-00Z__ben_non_malicious__ta1-marple-2-e5-official-1.bin__part-000003.pt,3.555,3.4488,1.3733,0.0231,4.8452
win_2019-05-09T16-10-00Z__2019-05-09T16-20-00Z__ben_non_malicious__ta1-marple-3-e5-official-1.bin.7__part-000008.pt,4.263,2.0253,3.9795,0.2016,6.2064
win_2019-05-17T09-50-00Z__2019-05-17T10-00-00Z__ben_non_malicious__ta1-marple-3-e5-official-1.bin.22__part-000005.pt,2.1187,4.1526,0.4252,0.0113,4.589
win_2019-05-13T23-10-00Z__2019-05-13T23-20-00Z__ben_non_malicious__ta1-marple-3-e5-official-1.bin.14__part-000003.pt,2.8536,4.5271,0.4734,0.0124,5.0129
win_2019-05-14T12-50-00Z__2019-05-14T13-00-00Z__ben_non_malicious__ta1-marple-3-e5-official-1.bin.15__part-000005.pt,2.4006,4.6821,1.5161,0.0276,6.2258
win_2019-05-14T01-50-00Z__2019-05-14T02-00-00Z__ben_non_malicious__ta1-marple-3-e5-official-1.bin.14__part-000006.pt,3.2667,3.181,4.1428,0.0466,7.3703
win_2019-05-10T22-30-00Z__2019-05-10T22-40-00Z__ben_non_malicious__ta1-marple-3-e5-official-1.bin.10__part-000012.pt,3.5102,4.0989,1.885,0.0666,6.0505
win_2019-05-15T16-40-00Z__2019-05-15T16-50-00Z__ben_non_malicious__ta1-marple-3-e5-official-1.bin.18__part-000005.pt,3.7496,3.9163,2.1274,0.1274,6.1711
win_2019-05-13T23-30-00Z__2019-05-13T23-40-00Z__ben_non_malicious__ta1-marple-3-e5-official-1.bin.14__part-000004.pt,2.4742,2.9336,0.226,0.0302,3.1897
win_2019-05-12T05-40-00Z__2019-05-12T05-50-00Z__ben_non_malicious__ta1-marple-3-e5-official-1.bin.11__part-000013.pt,3.7565,0.6634,0.3624,0.021,1.0468
win_2019-05-11T07-00-00Z__2019-05-11T07-10-00Z__ben_non_malicious__ta1-marple-2-e5-official-1.bin.5__part-000012.pt,3.2426,3.1182,3.6702,0.0859,6.8743
win_2019-05-08T18-50-00Z__2019-05-08T19-00-00Z__ben_non_malicious__ta1-marple-2-e5-official-1.bin.1__part-000006.pt,2.339,3.4301,2.0605,0.0336,5.5242
win_2019-05-14T18-10-00Z__2019-05-14T18-20-00Z__ben_non_malicious__ta1-marple-1-e5-official-1.bin.14__part-000005.pt,4.5085,2.2148,0.1131,0.0045,2.3324
win_2019-05-10T17-30-00Z__2019-05-10T17-40-00Z__ben_non_malicious__ta1-marple-2-e5-official-1.bin.4__part-000009.pt,3.2145,3.4644,2.3301,0.0413,5.8358
win_2019-05-09T00-50-00Z__2019-05-09T01-00-00Z__ben_non_malicious__ta1-marple-3-e5-official-1.bin.4__part-000010.pt,3.601,3.2382,2.3835,0.0517,5.6734
win_2019-05-13T22-40-00Z__2019-05-13T22-50-00Z__ben_non_malicious__ta1-marple-1-e5-official-1.bin.12__part-000009.pt,3.9668,2.2035,3.3379,0.1129,5.6543
win_2019-05-09T03-10-00Z__2019-05-09T03-20-00Z__ben_non_malicious__ta1-marple-1-e5-official-1.bin.3__part-000001.pt,2.4563,3.3469,0.7876,0.1137,4.2483
win_2019-05-13T17-30-00Z__2019-05-13T17-40-00Z__ben_non_malicious__ta1-marple-3-e5-official-1.bin.13__part-000008.pt,2.655,3.1515,3.4987,0.0523,6.7025
win_2019-05-14T06-50-00Z__2019-05-14T07-00-00Z__ben_non_malicious__ta1-marple-3-e5-official-1.bin.14__part-000010.pt,3.221,4.3362,0.735,0.0234,5.0947
win_2019-05-12T05-50-00Z__2019-05-12T06-00-00Z__ben_non_malicious__ta1-marple-1-e5-official-1.bin.9__part-000005.pt,2.5825,4.189,2.8018,0.1021,7.0929
win_2019-05-10T09-20-00Z__2019-05-10T09-30-00Z__ben_non_malicious__ta1-marple-3-e5-official-1.bin.9__part-000009.pt,3.4186,4.2305,2.4283,0.2428,6.9016
win_2019-05-10T15-40-00Z__2019-05-10T15-50-00Z__ben_non_malicious__ta1-marple-2-e5-official-1.bin.4__part-000007.pt,3.9969,3.5552,3.0377,0.2079,6.8007
win_2019-05-09T02-40-00Z__2019-05-09T02-50-00Z__ben_non_malicious__ta1-marple-3-e5-official-1.bin.5__part-000001.pt,3.1299,2.811,0.0977,0.0113,2.9201
win_2019-05-07T20-20-00Z__2019-05-07T20-30-00Z__ben_non_malicious__ta1-marple-3-e5-official-1.bin__part-000004.pt,4.1144,2.6884,3.145,0.0703,5.9037
win_2019-05-16T04-10-00Z__2019-05-16T04-20-00Z__ben_non_malicious__ta1-marple-3-e5-official-1.bin.19__part-000008.pt,2.6792,2.8792,2.7065,0.1541,5.7398
win_2019-05-08T07-00-00Z__2019-05-08T07-10-00Z__ben_non_malicious__ta1-marple-1-e5-official-1.bin.1__part-000007.pt,3.214,2.6891,2.5995,0.0963,5.3849
win_2019-05-09T19-30-00Z__2019-05-09T19-40-00Z__ben_non_malicious__ta1-marple-3-e5-official-1.bin.8__part-000008.pt,3.5575,3.0234,2.8587,0.0566,5.9388
win_2019-05-08T16-10-00Z__2019-05-08T16-20-00Z__ben_non_malicious__ta1-marple-3-e5-official-1.bin.3__part-000002.pt,3.8749,3.4852,2.5082,0.2289,6.2223
win_2019-05-10T22-50-00Z__2019-05-10T23-00-00Z__ben_non_malicious__ta1-marple-2-e5-official-1.bin.5__part-000005.pt,3.2472,3.7386,2.4883,0.1738,6.4007
win_2019-05-17T00-40-00Z__2019-05-17T00-50-00Z__ben_non_malicious__ta1-marple-3-e5-official-1.bin.21__part-000009.pt,3.6989,3.2957,3.4828,0.376,7.1545
win_2019-05-09T12-00-00Z__2019-05-09T12-10-00Z__ben_non_malicious__ta1-marple-2-e5-official-1.bin.1__part-000012.pt,3.1401,3.4755,0.6974,0.0168,4.1897
win_2019-05-08T03-00-00Z__2019-05-08T03-10-00Z__ben_non_malicious__ta1-marple-3-e5-official-1.bin.2__part-000006.pt,2.8913,3.4717,0.8738,0.0132,4.3588
win_2019-05-12T06-40-00Z__2019-05-12T06-50-00Z__ben_non_malicious__ta1-marple-3-e5-official-1.bin.12__part-000001.pt,4.4685,0.5964,0.2361,0.0047,0.8371
win_2019-05-13T15-40-00Z__2019-05-13T15-50-00Z__ben_non_malicious__ta1-marple-3-e5-official-1.bin.12__part-000013.pt,0.681,2.815,0.4104,0.0134,3.2388
win_2019-05-14T17-40-00Z__2019-05-14T17-50-00Z__ben_non_malicious__ta1-marple-1-e5-official-1.bin.14__part-000004.pt,4.4323,3.1295,3.0813,0.0799,6.2907
win_2019-05-15T22-00-00Z__2019-05-15T22-10-00Z__ben_non_malicious__ta1-marple-3-e5-official-1.bin.19__part-000001.pt,3.5469,2.7263,5.5323,0.1258,8.3844
win_2019-05-14T23-40-00Z__2019-05-14T23-50-00Z__ben_non_malicious__ta1-marple-2-e5-official-1.bin.12__part-000003.pt,2.547,4.0647,2.9419,0.0253,7.0318
win_2019-05-11T19-50-00Z__2019-05-11T20-00-00Z__ben_non_malicious__ta1-marple-2-e5-official-1.bin.7__part-000004.pt,3.6349,4.3572,0.5909,0.0169,4.9649
win_2019-05-09T16-30-00Z__2019-05-09T16-40-00Z__ben_non_malicious__ta1-marple-3-e5-official-1.bin.7__part-000009.pt,3.0211,3.66,4.2796,0.0557,7.9952
win_2019-05-10T10-50-00Z__2019-05-10T11-00-00Z__ben_non_malicious__ta1-marple-2-e5-official-1.bin.3__part-000012.pt,3.2634,4.6433,1.8762,0.0578,6.5773
win_2019-05-11T19-30-00Z__2019-05-11T19-40-00Z__ben_non_malicious__ta1-marple-1-e5-official-1.bin.8__part-000006.pt,3.4894,4.7383,1.774,0.0722,6.5846
win_2019-05-09T13-10-00Z__2019-05-09T13-20-00Z__ben_non_malicious__ta1-marple-1-e5-official-1.bin.3__part-000005.pt,4.7764,3.3879,1.4584,0.1114,4.9576
win_2019-05-08T03-10-00Z__2019-05-08T03-20-00Z__ben_non_malicious__ta1-marple-3-e5-official-1.bin.2__part-000007.pt,1.5155,3.369,0.4933,0.0142,3.8765
win_2019-05-15T16-50-00Z__2019-05-15T17-00-00Z__ben_non_malicious__ta1-marple-2-e5-official-1.bin.13__part-000003.pt,1.7125,4.2133,2.5718,0.0579,6.843
win_2019-05-16T02-40-00Z__2019-05-16T02-50-00Z__ben_non_malicious__ta1-marple-3-e5-official-1.bin.19__part-000007.pt,4.5136,3.3626,0.1447,0.0087,3.516
win_2019-05-13T16-30-00Z__2019-05-13T16-40-00Z__ben_non_malicious__ta1-marple-3-e5-official-1.bin.13__part-000004.pt,1.6543,3.9891,4.22,0.0551,8.2642
win_2019-05-14T18-40-00Z__2019-05-14T18-50-00Z__ben_non_malicious__ta1-marple-3-e5-official-1.bin.16__part-000003.pt,3.7921,3.8513,1.3508,0.0252,5.2273
win_2019-05-16T10-30-00Z__2019-05-16T10-40-00Z__ben_non_malicious__ta1-marple-3-e5-official-1.bin.20__part-000002.pt,3.1526,4.5727,2.4612,0.0571,7.091
win_2019-05-08T16-20-00Z__2019-05-08T16-30-00Z__ben_non_malicious__ta1-marple-2-e5-official-1.bin.1__part-000002.pt,4.7059,3.6164,1.9609,0.0919,5.6693
win_2019-05-13T01-20-00Z__2019-05-13T01-30-00Z__ben_non_malicious__ta1-marple-1-e5-official-1.bin.10__part-000012.pt,4.7143,2.2397,5.0308,0.1251,7.3957
win_2019-05-11T05-00-00Z__2019-05-11T05-10-00Z__ben_non_malicious__ta1-marple-1-e5-official-1.bin.7__part-000004.pt,2.6504,4.6457,0.3602,0.0763,5.0822
win_2019-05-15T17-50-00Z__2019-05-15T18-00-00Z__ben_non_malicious__ta1-marple-3-e5-official-1.bin.18__part-000007.pt,3.7085,3.6982,0.1545,0.0073,3.86
win_2019-05-09T07-40-00Z__2019-05-09T07-50-00Z__ben_non_malicious__ta1-marple-1-e5-official-1.bin.3__part-000002.pt,2.3627,3.565,3.8802,0.1148,7.5599
win_2019-05-10T22-00-00Z__2019-05-10T22-10-00Z__ben_non_malicious__ta1-marple-3-e5-official-1.bin.10__part-000010.pt,2.8759,4.2923,2.4092,0.0404,6.742
win_2019-05-15T09-10-00Z__2019-05-15T09-20-00Z__ben_non_malicious__ta1-marple-3-e5-official-1.bin.17__part-000006.pt,2.6355,4.5998,2.6768,0.0527,7.3293
win_2019-05-14T15-50-00Z__2019-05-14T16-00-00Z__ben_non_malicious__ta1-marple-1-e5-official-1.bin.14__part-000001.pt,4.8183,2.6238,1.395,0.1148,4.1335
win_2019-05-14T23-00-00Z__2019-05-14T23-10-00Z__ben_non_malicious__ta1-marple-3-e5-official-1.bin.16__part-000008.pt,2.0168,3.1382,4.2739,0.1011,7.5133
win_2019-05-17T02-10-00Z__2019-05-17T02-20-00Z__ben_non_malicious__ta1-marple-3-e5-official-1.bin.21__part-000010.pt,3.461,4.4906,0.4374,0.0116,4.9396
win_2019-05-09T14-50-00Z__2019-05-09T15-00-00Z__ben_non_malicious__ta1-marple-3-e5-official-1.bin.7__part-000002.pt,2.1199,3.6796,4.1892,0.0854,7.9542
win_2019-05-10T20-30-00Z__2019-05-10T20-40-00Z__ben_non_malicious__ta1-marple-2-e5-official-1.bin.5__part-000001.pt,2.5896,4.9461,2.2452,0.0502,7.2416
win_2019-05-09T21-50-00Z__2019-05-09T22-00-00Z__ben_non_malicious__ta1-marple-2-e5-official-1.bin.3__part-000001.pt,2.9098,4.9827,2.0145,0.0535,7.0506
win_2019-05-09T16-40-00Z__2019-05-09T16-50-00Z__ben_non_malicious__ta1-marple-1-e5-official-1.bin.4__part-000001.pt,3.2883,4.5979,1.7733,0.0518,6.4229
win_2019-05-14T05-40-00Z__2019-05-14T05-50-00Z__ben_non_malicious__ta1-marple-3-e5-official-1.bin.14__part-000009.pt,5.6363,2.7466,1.1921,0.0328,3.9715
win_2019-05-10T05-10-00Z__2019-05-10T05-20-00Z__ben_non_malicious__ta1-marple-2-e5-official-1.bin.3__part-000008.pt,1.8835,2.7312,1.0302,0.0217,3.7831
win_2019-05-12T08-00-00Z__2019-05-12T08-10-00Z__ben_non_malicious__ta1-marple-1-e5-official-1.bin.9__part-000007.pt,2.1033,3.3773,4.3754,0.2033,7.956
win_2019-05-09T16-00-00Z__2019-05-09T16-10-00Z__ben_non_malicious__ta1-marple-3-e5-official-1.bin.7__part-000007.pt,2.461,3.3356,3.596,0.1348,7.0665
win_2019-05-11T09-40-00Z__2019-05-11T09-50-00Z__ben_non_malicious__ta1-marple-1-e5-official-1.bin.7__part-000008.pt,3.3128,3.299,2.3408,0.0783,5.7181
win_2019-05-12T15-00-00Z__2019-05-12T15-10-00Z__ben_non_malicious__ta1-marple-1-e5-official-1.bin.10__part-000002.pt,3.7774,2.5551,0.0249,0.0024,2.5824
win_2019-05-12T16-40-00Z__2019-05-12T16-50-00Z__ben_non_malicious__ta1-marple-2-e5-official-1.bin.9__part-000003.pt,4.519,3.0534,2.3194,0.0625,5.4353
win_2019-05-08T01-20-00Z__2019-05-08T01-30-00Z__ben_non_malicious__ta1-marple-3-e5-official-1.bin.1__part-000008.pt,4.2243,3.1305,3.087,0.085,6.3024
win_2019-05-15T13-00-00Z__2019-05-15T13-10-00Z__ben_non_malicious__ta1-marple-1-e5-official-1.bin.16__part-000001.pt,0.027,2.9187,0.1122,0.0044,3.0353
win_2019-05-15T12-10-00Z__2019-05-15T12-20-00Z__ben_non_malicious__ta1-marple-1-e5-official-1.bin.15__part-000011.pt,3.8492,2.9108,3.2953,0.1288,6.3348
win_2019-05-14T16-50-00Z__2019-05-14T17-00-00Z__ben_non_malicious__ta1-marple-3-e5-official-1.bin.15__part-000012.pt,2.3847,3.5567,0.5068,0.009,4.0725
win_2019-05-13T20-50-00Z__2019-05-13T21-00-00Z__ben_non_malicious__ta1-marple-2-e5-official-1.bin.10__part-000003.pt,2.988,3.5662,1.3704,0.0813,5.0179
win_2019-05-15T08-50-00Z__2019-05-15T09-00-00Z__ben_non_malicious__ta1-marple-1-e5-official-1.bin.15__part-000009.pt,3.7904,3.3807,3.921,0.0522,7.3538
win_2019-05-08T16-40-00Z__2019-05-08T16-50-00Z__ben_non_malicious__ta1-marple-3-e5-official-1.bin.3__part-000004.pt,4.4297,2.6851,4.362,0.0467,7.0938
win_2019-05-12T11-00-00Z__2019-05-12T11-10-00Z__ben_non_malicious__ta1-marple-2-e5-official-1.bin.8__part-000007.pt,5.1401,3.0539,3.784,0.0792,6.9171
win_2019-05-14T21-10-00Z__2019-05-14T21-20-00Z__ben_non_malicious__ta1-marple-2-e5-official-1.bin.12__part-000001.pt,4.0583,3.4057,1.9098,0.0536,5.3692
win_2019-05-12T01-10-00Z__2019-05-12T01-20-00Z__ben_non_malicious__ta1-marple-2-e5-official-1.bin.7__part-000011.pt,3.7392,3.283,1.5795,0.0286,4.8911
win_2019-05-15T07-40-00Z__2019-05-15T07-50-00Z__ben_non_malicious__ta1-marple-1-e5-official-1.bin.15__part-000008.pt,4.5663,4.1857,2.6297,0.2556,7.071
win_2019-05-08T02-10-00Z__2019-05-08T02-20-00Z__ben_non_malicious__ta1-marple-3-e5-official-1.bin.2__part-000001.pt,4.0272,2.2728,2.658,0.1065,5.0374
win_2019-05-09T19-40-00Z__2019-05-09T19-50-00Z__ben_non_malicious__ta1-marple-3-e5-official-1.bin.8__part-000009.pt,2.6113,3.5862,1.2739,0.0189,4.879
win_2019-05-16T15-10-00Z__2019-05-16T15-20-00Z__ben_non_malicious__ta1-marple-3-e5-official-1.bin.20__part-000006.pt,3.4654,2.391,3.8786,0.0781,6.3478
win_2019-05-08T06-00-00Z__2019-05-08T06-10-00Z__ben_non_malicious__ta1-marple-2-e5-official-1.bin__part-000007.pt,2.8704,3.402,0.6003,0.0115,4.0139
win_2019-05-09T06-10-00Z__2019-05-09T06-20-00Z__ben_non_malicious__ta1-marple-3-e5-official-1.bin.5__part-000006.pt,2.6603,3.5913,2.2855,0.025,5.9018
win_2019-05-14T22-10-00Z__2019-05-14T22-20-00Z__ben_non_malicious__ta1-marple-1-e5-official-1.bin.14__part-000010.pt,3.9744,2.8059,2.1596,0.0234,4.9888
win_2019-05-17T05-30-00Z__2019-05-17T05-40-00Z__ben_non_malicious__ta1-marple-3-e5-official-1.bin.22__part-000002.pt,4.1247,2.5765,0.2489,0.0143,2.8397
win_2019-05-13T04-00-00Z__2019-05-13T04-10-00Z__ben_non_malicious__ta1-marple-3-e5-official-1.bin.12__part-000007.pt,2.8701,0.7387,0.2288,0.0039,0.9715
win_2019-05-17T19-40-00Z__2019-05-17T19-50-00Z__ben_non_malicious__ta1-marple-3-e5-official-1.bin.23__part-000003.pt,4.6225,2.8266,3.2252,0.2024,6.2542
win_2019-05-10T23-20-00Z__2019-05-10T23-30-00Z__ben_non_malicious__ta1-marple-3-e5-official-1.bin.11__part-000005.pt,3.2518,3.4458,2.7322,0.1181,6.2961
win_2019-05-12T18-00-00Z__2019-05-12T18-10-00Z__ben_non_malicious__ta1-marple-1-e5-official-1.bin.10__part-000005.pt,3.7006,3.4421,2.7945,0.1647,6.4013
win_2019-05-12T03-10-00Z__2019-05-12T03-20-00Z__ben_non_malicious__ta1-marple-2-e5-official-1.bin.8__part-000001.pt,3.6816,3.4002,2.9915,0.133,6.5247
win_2019-05-14T08-10-00Z__2019-05-14T08-20-00Z__ben_non_malicious__ta1-marple-3-e5-official-1.bin.15__part-000001.pt,4.2897,2.8962,1.0818,0.0194,3.9973
win_2019-05-09T17-20-00Z__2019-05-09T17-30-00Z__ben_non_malicious__ta1-marple-3-e5-official-1.bin.7__part-000012.pt,3.7006,2.412,2.9565,0.0611,5.4296
win_2019-05-15T06-50-00Z__2019-05-15T07-00-00Z__ben_non_malicious__ta1-marple-3-e5-official-1.bin.17__part-000003.pt,3.9394,2.8601,2.9173,0.1575,5.9348
win_2019-05-17T14-40-00Z__2019-05-17T14-50-00Z__ben_non_malicious__ta1-marple-3-e5-official-1.bin.22__part-000009.pt,3.6456,2.6877,3.7129,0.1191,6.5197
win_2019-05-12T10-00-00Z__2019-05-12T10-10-00Z__ben_non_malicious__ta1-marple-1-e5-official-1.bin.9__part-000009.pt,3.0901,3.9142,1.9967,0.0505,5.9615
win_2019-05-14T15-30-00Z__2019-05-14T15-40-00Z__ben_non_malicious__ta1-marple-2-e5-official-1.bin.11__part-000008.pt,3.0226,3.3454,3.4709,0.0767,6.8929
win_2019-05-09T18-00-00Z__2019-05-09T18-10-00Z__ben_non_malicious__ta1-marple-1-e5-official-1.bin.4__part-000004.pt,4.0577,2.7151,1.0163,0.0733,3.8047
win_2019-05-14T19-30-00Z__2019-05-14T19-40-00Z__ben_non_malicious__ta1-marple-1-e5-official-1.bin.14__part-000007.pt,2.9998,4.043,3.1625,0.1455,7.3509
win_2019-05-09T14-10-00Z__2019-05-09T14-20-00Z__ben_non_malicious__ta1-marple-1-e5-official-1.bin.3__part-000007.pt,3.372,3.3924,2.3573,0.1753,5.925
win_2019-05-10T00-50-00Z__2019-05-10T01-00-00Z__ben_non_malicious__ta1-marple-1-e5-official-1.bin.4__part-000011.pt,3.2413,2.3655,0.9656,0.1519,3.483
win_2019-05-08T03-50-00Z__2019-05-08T04-00-00Z__ben_non_malicious__ta1-marple-3-e5-official-1.bin.2__part-000010.pt,3.733,2.4883,2.529,0.151,5.1683
win_2019-05-13T14-20-00Z__2019-05-13T14-30-00Z__ben_non_malicious__ta1-marple-1-e5-official-1.bin.11__part-000011.pt,3.0379,3.4882,1.4403,0.0186,4.9471
win_2019-05-09T02-30-00Z__2019-05-09T02-40-00Z__ben_non_malicious__ta1-marple-2-e5-official-1.bin.1__part-000009.pt,2.7009,4.0852,0.4973,0.0183,4.6009
win_2019-05-08T23-20-00Z__2019-05-08T23-30-00Z__ben_non_malicious__ta1-marple-3-e5-official-1.bin.4__part-000008.pt,2.7926,4.3942,1.0722,0.0189,5.4853
win_2019-05-10T01-20-00Z__2019-05-10T01-30-00Z__ben_non_malicious__ta1-marple-3-e5-official-1.bin.9__part-000005.pt,3.2672,3.6588,0.487,0.0128,4.1586
win_2019-05-08T02-00-00Z__2019-05-08T02-10-00Z__ben_non_malicious__ta1-marple-3-e5-official-1.bin.1__part-000012.pt,3.1217,4.4864,2.6947,0.0901,7.2713
win_2019-05-10T06-30-00Z__2019-05-10T06-40-00Z__ben_non_malicious__ta1-marple-2-e5-official-1.bin.3__part-000009.pt,4.8307,2.7217,1.8447,0.0792,4.6456
win_2019-05-14T01-10-00Z__2019-05-14T01-20-00Z__ben_non_malicious__ta1-marple-2-e5-official-1.bin.10__part-000007.pt,4.4638,3.0323,4.5904,0.1007,7.7234
win_2019-05-12T22-10-00Z__2019-05-12T22-20-00Z__ben_non_malicious__ta1-marple-1-e5-official-1.bin.10__part-000009.pt,3.0016,3.4631,3.5369,0.0604,7.0604
win_2019-05-12T05-30-00Z__2019-05-12T05-40-00Z__ben_non_malicious__ta1-marple-2-e5-official-1.bin.8__part-000003.pt,3.2167,3.7138,2.6801,0.0589,6.4528
win_2019-05-12T12-20-00Z__2019-05-12T12-30-00Z__ben_non_malicious__ta1-marple-1-e5-official-1.bin.9__part-000011.pt,3.5084,3.9687,2.3813,0.0627,6.4126
win_2019-05-09T09-00-00Z__2019-05-09T09-10-00Z__ben_non_malicious__ta1-marple-3-e5-official-1.bin.5__part-000010.pt,4.3124,3.5989,2.2155,0.0636,5.8779
win_2019-05-12T15-30-00Z__2019-05-12T15-40-00Z__ben_non_malicious__ta1-marple-2-e5-official-1.bin.8__part-000012.pt,4.371,2.6694,2.1697,0.0761,4.9152
win_2019-05-17T00-00-00Z__2019-05-17T00-10-00Z__ben_non_malicious__ta1-marple-3-e5-official-1.bin.21__part-000008.pt,4.0662,1.9,0.7045,0.0189,2.6233
win_2019-05-08T03-00-00Z__2019-05-08T03-10-00Z__ben_non_malicious__ta1-marple-2-e5-official-1.bin__part-000006.pt,2.492,2.722,0.0915,0.0032,2.8167
win_2019-05-11T08-40-00Z__2019-05-11T08-50-00Z__ben_non_malicious__ta1-marple-2-e5-official-1.bin.6__part-000002.pt,2.7397,4.6736,0.7579,0.0312,5.4627
win_2019-05-14T11-30-00Z__2019-05-14T11-40-00Z__ben_non_malicious__ta1-marple-3-e5-official-1.bin.15__part-000004.pt,2.6928,4.8166,0.3423,0.0458,5.2047
win_2019-05-08T05-30-00Z__2019-05-08T05-40-00Z__ben_non_malicious__ta1-marple-1-e5-official-1.bin.1__part-000006.pt,3.0335,4.161,0.1408,0.0046,4.3064
win_2019-05-08T19-10-00Z__2019-05-08T19-20-00Z__ben_non_malicious__ta1-marple-3-e5-official-1.bin.3__part-000013.pt,0.9157,4.6975,1.2523,0.0198,5.9696
win_2019-05-16T21-40-00Z__2019-05-16T21-50-00Z__ben_non_malicious__ta1-marple-3-e5-official-1.bin.21__part-000003.pt,2.3162,0.5153,0.0005,0.0019,0.5176
win_2019-05-12T15-40-00Z__2019-05-12T15-50-00Z__ben_non_malicious__ta1-marple-2-e5-official-1.bin.9__part-000001.pt,3.7818,4.078,1.9107,0.1341,6.1228
win_2019-05-07T23-40-00Z__2019-05-07T23-50-00Z__ben_non_malicious__ta1-marple-1-e5-official-1.bin.1__part-000001.pt,2.386,3.646,0.306,0.0067,3.9588
win_2019-05-14T06-30-00Z__2019-05-14T06-40-00Z__ben_non_malicious__ta1-marple-2-e5-official-1.bin.10__part-000011.pt,4.7535,2.4153,3.9436,0.0393,6.3982
win_2019-05-15T10-50-00Z__2019-05-15T11-00-00Z__ben_non_malicious__ta1-marple-3-e5-official-1.bin.17__part-000007.pt,2.5128,3.8788,1.0619,0.0536,4.9943
win_2019-05-11T07-30-00Z__2019-05-11T07-40-00Z__ben_non_malicious__ta1-marple-1-e5-official-1.bin.7__part-000006.pt,4.5465,2.9201,0.0305,0.0071,2.9577
win_2019-05-13T19-30-00Z__2019-05-13T19-40-00Z__ben_non_malicious__ta1-marple-2-e5-official-1.bin.10__part-000001.pt,2.7067,3.8847,3.29,0.0498,7.2245
win_2019-05-08T02-10-00Z__2019-05-08T02-20-00Z__ben_non_malicious__ta1-marple-3-e5-official-1.bin.1__part-000013.pt,3.469,3.8498,2.6874,0.055,6.5921
win_2019-05-08T19-10-00Z__2019-05-08T19-20-00Z__ben_non_malicious__ta1-marple-3-e5-official-1.bin.4__part-000001.pt,4.4812,2.7335,1.2751,0.026,4.0347
win_2019-05-13T16-50-00Z__2019-05-13T17-00-00Z__ben_non_malicious__ta1-marple-3-e5-official-1.bin.13__part-000006.pt,3.5672,2.6431,2.3378,0.0231,5.004
win_2019-05-16T20-20-00Z__2019-05-16T20-30-00Z__ben_non_malicious__ta1-marple-3-e5-official-1.bin.20__part-000012.pt,3.2086,3.4653,0.9607,0.0132,4.4392
win_2019-05-13T00-10-00Z__2019-05-13T00-20-00Z__ben_non_malicious__ta1-marple-1-e5-official-1.bin.10__part-000011.pt,3.4486,3.4585,0.5072,0.0254,3.9912
win_2019-05-08T01-10-00Z__2019-05-08T01-20-00Z__ben_non_malicious__ta1-marple-3-e5-official-1.bin.1__part-000007.pt,3.5358,3.3144,3.5357,0.0892,6.9392
win_2019-05-08T03-40-00Z__2019-05-08T03-50-00Z__ben_non_malicious__ta1-marple-3-e5-official-1.bin.2__part-000009.pt,2.9647,3.3532,3.6887,0.1223,7.1643
win_2019-05-14T20-10-00Z__2019-05-14T20-20-00Z__ben_non_malicious__ta1-marple-3-e5-official-1.bin.16__part-000005.pt,4.2761,3.1708,0.7918,0.0362,3.9989
win_2019-05-14T17-00-00Z__2019-05-14T17-10-00Z__ben_non_malicious__ta1-marple-1-e5-official-1.bin.14__part-000003.pt,4.7193,3.2994,1.9745,0.1933,5.4672
win_2019-05-11T01-50-00Z__2019-05-11T02-00-00Z__ben_non_malicious__ta1-marple-1-e5-official-1.bin.7__part-000001.pt,2.5003,4.0297,0.8452,0.0421,4.917
win_2019-05-10T21-50-00Z__2019-05-10T22-00-00Z__ben_non_malicious__ta1-marple-3-e5-official-1.bin.10__part-000009.pt,4.1703,2.7688,4.1737,0.0703,7.0128
win_2019-05-15T05-20-00Z__2019-05-15T05-30-00Z__ben_non_malicious__ta1-marple-3-e5-official-1.bin.17__part-000002.pt,2.6463,4.1885,2.4346,0.1157,6.7388
win_2019-05-11T10-50-00Z__2019-05-11T11-00-00Z__ben_non_malicious__ta1-marple-1-e5-official-1.bin.7__part-000009.pt,4.956,2.4643,0.5166,0.0498,3.0307
win_2019-05-08T04-30-00Z__2019-05-08T04-40-00Z__ben_non_malicious__ta1-marple-1-e5-official-1.bin.1__part-000005.pt,2.9955,4.0873,2.7736,0.0599,6.9208
win_2019-05-10T23-50-00Z__2019-05-11T00-00-00Z__ben_non_malicious__ta1-marple-3-e5-official-1.bin.11__part-000009.pt,3.4829,3.5621,2.3765,0.0497,5.9883
win_2019-05-14T03-10-00Z__2019-05-14T03-20-00Z__ben_non_malicious__ta1-marple-3-e5-official-1.bin.14__part-000007.pt,5.1411,2.2762,2.8922,0.2037,5.3721
win_2019-05-08T02-50-00Z__2019-05-08T03-00-00Z__ben_non_malicious__ta1-marple-3-e5-official-1.bin.2__part-000005.pt,2.6285,2.4033,2.4825,0.0414,4.9272
win_2019-05-15T00-50-00Z__2019-05-15T01-00-00Z__ben_non_malicious__ta1-marple-3-e5-official-1.bin.16__part-000010.pt,2.6411,3.7114,0.1426,0.0577,3.9116
win_2019-05-14T10-30-00Z__2019-05-14T10-40-00Z__ben_non_malicious__ta1-marple-1-e5-official-1.bin.13__part-000007.pt,3.3722,3.8549,0.7686,0.0236,4.6471
win_2019-05-17T13-50-00Z__2019-05-17T14-00-00Z__ben_non_malicious__ta1-marple-3-e5-official-1.bin.22__part-000008.pt,3.1907,3.807,3.003,0.0766,6.8867
